month_number;day_number;month_name;synaxaire;synaxaire_category;is_martyre
1;1;Tout;Fête du Nayrouz (Début de la Sainte Année Copte);Fête;0
1;1;Tout;Martyre de Saint Barthélemy l'Apôtre;Martyre;1
1;1;Tout;Départ de Saint Milius;Départ;0
1;2;Tout;Martyre de Saint Jean le Baptiste;Martyre;1
1;2;Tout;Martyre de Saint Daysa le Soldat;Martyre;1
1;3;Tout;Le Saint Concile d'Alexandrie;Le;0
1;3;Tout;Le grand tremblement de terre;Le;0
1;4;Tout;Commémoration de Josué fils de Noun et Décès de sainte Véréna;Commemoration;0
1;4;Tout;Départ du Pape Saint Macaire II ;Départ;0
1;5;Tout;Martyre de Sainte Sophie;Martyre;1
1;6;Tout;Martyre de Sainte Basilissa;Martyre;1
1;6;Tout;Départ d'Isaïe le Prophète;Départ;0
1;7;Tout;Martyre des Saints Agathe, Pierre, Jean, Amoun, Amouna et leur mère Rebecca;Martyre;1
1;7;Tout;Départ de Saint Dioscore;Départ;0
1;7;Tout;Décès de Saint Sévère de Gabala;Décès;0
1;8;Tout;Décès de Moïse le Prophète;Décès;0
1;8;Tout;Martyre de Zacharie le Prophète;Martyre;1
1;8;Tout;Martyre de Saint Diomède;Martyre;1
1;9;Tout;Martyre de Saint Pissora l'Evêque;Martyre;1
1;10;Tout;Martyre de Sainte Matrone;Martyre;1
1;10;Tout;Commémoration de Saint Basin et ses enfants;Commémoration;0
1;11;Tout;Martyre de saint Basilides;Martyre;1
1;12;Tout;Réunion du troisième concile œcuménique à Ephèse pour juger Nestorius, le patriarche de Constantinople;Réunion;0
1;12;Tout;Transfert des reliques de saint Clémus et de ses compagnons;Transfert;0
1;13;Tout;Décès du Pape Mathias II, 90ème Patriarche d’Alexandrie;Décès;0
1;13;Tout;Commémoration du miracle accomplie par Saint Basile, Evêque de Césarée en Cappadoce;Commémoration;0
1;14;Tout;Décès de Saint Agathon le Stylite;Décès;0
1;15;Tout;Déportation de la dépouille de Saint Stéphane (Etienne) l’archidiacre;Déportation;0
1;16;Tout;Commémoration de la consécration du Sanctuaire de l’église de la Résurrection à Jérusalem;Commémoration;0
1;16;Tout;Transfert des reliques de St Jean Chrysostome;Transfert;0
1;17;Tout;Célébration de la consécration de l’église de l’honorable croix;Célébration;0
1;17;Tout;Disparition de Sainte Theognosta;Disparition;0
1;18;Tout;Martyre de Saint Porphyrius;Martyre;1
1;18;Tout;Décès de Saint Stéphane le prêtre et martyre de Nicée;Décès;0
1;19;Tout;Départ de Saint Gégoire l'Arménien;Départ;0
1;20;Tout;Martyre de Sainte Melitina la vierge;Martyre;1
1;20;Tout;Départ du Pape Athanase II;Départ;0
1;20;Tout;Départ de Sainte Theopista;Départ;0
1;21;Tout;Martyre de Saint Cyprien et Sainte Justine;Martyre;1
1;21;Tout;Commémoration de la Sainte Vierge;Commémoration;0
1;22;Tout;Martyre des saints Cotylas, Axoua et Tatas;Martyre;1
1;22;Tout;Martyre de Saint Jules d’Aqfahs;Martyre;1
1;23;Tout;Martyre des saints Eunopios et André;Martyre;1
1;23;Tout;Martyre de Saint Takla;Martyre;1
1;23;Tout;Réouverture de l'église de la Vierge Marie;Réouverture;0
1;24;Tout;Départ de Saint Grégoire l'ascète;Départ;0
1;25;Tout;Commémoration du prophète Jonas;Commémoration;0
1;26;Tout;L’annonce faite par l’ange à Zacharie concernant la naissance de Jean le Baptiste;L’annonce;0
1;27;Tout;Martyre de Saint Eustache et de ses deux fils;Martyre;1
1;28;Tout;Martyre des saints Abadir et Iraï sa sœur;Martyre;1
1;29;Tout;Martyre de Sainte Arbsima la Vierge et de ses sœurs les Vierges;Martyre;1
1;30;Tout;Commémoration du miracle opéré par Dieu en faveur de Saint Athanase l'Apostolique;Commémoration;0
2;1;Babah;Martyre de Sainte Anastasia;Martyre;1
2;2;Babah;Arrivée de Saint Sévère, patriarche d’Antioche, en Egypte;Arrivée;0
2;3;Babah;Martyre de Saint Jean le soldat;Martyre;1
2;3;Babah;Décès de saint Saint Simon II, 51ème Pape siégeant sur le trône de Saint Marc;Décès;0
2;4;Babah;Martyre de Saint Bacchus;Martyre;1
2;5;Babah;Martyre de Saint Paul de Constantinople;Martyre;1
2;6;Babah;Départ de la pieuse Anne, prophétesse et mère du prophète Samuel;Départ;0
2;7;Babah;Départ de Saint Paul de Tamouh;Départ;0
2;8;Babah;Martyre de saint Matra;Martyre;1
2;8;Babah;Martyre d’abba Hour et de Tossiya et ses enfants ainsi qu’abba Aghathon l’ermite;Martyre;1
2;9;Babah;Décès de saint Euménius, le septième pape de la prédication de saint Marc;Décès;0
2;9;Babah;Eclipse du soleil en 978 des martyrs;Eclipse;0
2;9;Babah;Commémoration de l'évêque Siméon;Commémoration;0
2;10;Babah;Martyre de saint Serges, le compagnon de saint Bacchus;Martyre;1
2;11;Babah;Décès de saint Jacques, patriarche d’Antioche ;Décès;0
2;11;Babah;Décès de sainte Pélagie;Décès;0
2;12;Babah;Martyre de saint Matthieu l'évangéliste;Martyre;1
2;12;Babah;Décès de saint Dimitri 1er le 12ème pape d'Alexandrie;Décès;0
2;12;Babah;Commémoration de l'archange Michel;Commémoration;0
2;13;Babah;Décès de saint Zacharie, le moine;Décès;0
2;14;Babah;Départ de Saint Philippe, l’un des sept diacres;Départ;0
2;15;Babah;Martyre de saint Panteleimon, le médecin;Martyre;1
2;16;Babah;Départ de saint Agathon, le trente neuvième pape d'Alexandrie;Départ;0
2;16;Babah;Commémoration des saints Carpus, Apollos et Pierre;Commémoration;0
2;17;Babah;Départ de saint Dioscore II, le 31ème pape d’Alexandrie;Départ;0
2;18;Babah;Départ de saint Théophile le 23ème pape d'Alexandrie;Départ;0
2;19;Babah;Martyre à Fayoum de saint Théophile et de sa femme;Martyre;1
2;19;Babah;Tenue du concile d’Antioche contre Paul de Samosate;Tenue;0
2;20;Babah;Départ de saint Jean Colobos;Départ;0
2;21;Babah;Commémoration de la mère de Dieu;Commémoration;0
2;21;Babah;Commémoration de la Translation des reliques de Lazare;Commémoration;0
2;21;Babah;Décès du prophète Joël;Décès;0
2;21;Babah;Décès de saint Freige;Décès;0
2;22;Babah;Martyre de Saint Luc l'évangéliste;Martyre;1
2;23;Babah;Martyre de saint Denys, évêque de Corinthe;Martyre;1
2;23;Babah;Décès de saint Joseph, le cinquante deuxième pape d'Alexandrie;Décès;0
2;24;Babah;Martyre de saint Paul, Longin et Zéna;Martyre;1
2;24;Babah;Décès de saint Hilarion;Décès;0
2;25;Babah;Décès de saint Apollo et saint Abib;Décès;0
2;25;Babah;Consécration de l’église de Saint Julius El Akfahsi;Consécration;0
2;26;Babah;Martyre de saint Timon, le disciple;Martyre;1
2;26;Babah;Commémoration des sept martyrs de la montagne de saint Antoine;Commémoration;0
2;27;Babah;Martyre de saint Macaire, évêque d’Edkou;Martyre;1
2;28;Babah;Martyre des saints Marcien et Mercure;Martyre;1
2;29;Babah;Martyre de saint Dimitri de Thessalonique;Martyre;1
2;30;Babah;Consécration de l'église de saint Marc, l'évangéliste et apparition de sa tête sacrée;Consécration;0
2;30;Babah;Décès de saint Abraham l'hermite;Décès;0
3;1;Hatour;Martyre des saints Maxime, Numitius, Victor et Philippe;Martyre;1
3;1;Hatour;Commémoration de saint Cléopas et son compagnon;Commémoration;0
3;2;Hatour;Décès de saint Pierre III, le vingt septième pape d’Alexandrie;Décès;0
3;3;Hatour;Décès de saint Cyriaque;Décès;0
3;3;Hatour;Décès de saint Athanase et sa sœur Irène;Décès;0
3;4;Hatour;Martyre des saints Jean et Jacques, les évêques de Perse;Martyre;1
3;4;Hatour;Martyre des saints Epimaque et Gordien;Martyre;1
3;5;Hatour;Martyre de saint Timothée et transfert des reliques de saint Théodore à Chatab;Martyre;1
3;5;Hatour;Apparition de la tête de saint Longin, le soldat;Apparition;0
3;6;Hatour;Décès de saint Félix, pape de Rome;Décès;0
3;6;Hatour;Consécration de l'église de la sainte Vierge au monastère al Moharrak, au mont Kosquâm;Consécration;0
3;7;Hatour;Martyre de saint Georges d'Alexandrie;Martyre;1
3;7;Hatour;Martyre de saint Nehroua;Martyre;1
3;7;Hatour;Décès de saint Menas, l'évêque de Thmouï;Décès;0
3;7;Hatour;Consécration de l'église de saint Georges de Cappadoce;Consécration;0
3;8;Hatour;Commémoration des quatre vivants incorporels;Commémoration;0
3;9;Hatour;Décès d’abba Isaac, le quarante et unième pape d’Alexandrie;Décès;0
3;9;Hatour;Tenue du concile de Nicée;Tenue;0
3;10;Hatour;Martyre des 50 vierges et de leur mère spirituelle;Martyre;1
3;10;Hatour;Réunion d’un concile à Rome au sujet de la fête de l’Epiphanie et du carême;Réunion;0
3;11;Hatour;Décès de sainte Anne;Décès;0
3;11;Hatour;Commémoration du martyre de saint Archélaüs et de saint Elysée, l’higoumène;Commémoration;0
3;12;Hatour;Commémoration de l’archange Michel;Commémoration;0
3;13;Hatour;Décès de saint Timothée, évêque d’Antinoë;Décès;0
3;13;Hatour;Décès de saint Zacharie, 64ème pape d’Alexandrie;Décès;0
3;14;Hatour;Décès de saint Martin, évêque de Tours;Décès;0
3;15;Hatour;Martyre de saint Ménas;Martyre;1
3;16;Hatour;Martyre de saint Juste, l’évêque;Martyre;1
3;16;Hatour;Commencement du jeûne de l’avent;Commencement;0
3;16;Hatour;Consécration de l’église de saint Onuphre;Consécration;0
3;17;Hatour;Décès de saint Jean Chrysostome;Décès;0
3;18;Hatour;Martyre des saintes Atrasis et Yoana;Martyre;1
3;18;Hatour;Martyre de saint Philippe, l’apôtre;Martyre;1
3;19;Hatour;Consécration de l’église de saint Serge et saint Baccus;Consécration;0
3;19;Hatour;Commémoration de la prédication de l’apôtre saint Barthélémy;Commémoration;0
3;20;Hatour;Décès de saint Anien, le second pape d’Alexandrie;Décès;0
3;20;Hatour;Consécration de l’église des deux saints le prince Théodore, fils de Jean al Chatby et du prince Théodore al Michriki;Consécration;0
3;21;Hatour;Commémoration de sainte vierge Marie, la mère de Dieu;Commémoration;0
3;21;Hatour;Décès de saint Grégoire le Thaumaturge;Décès;0
3;21;Hatour;Décès de saint Côme, le cinquante quatrième pape d'Alexandrie;Décès;0
3;21;Hatour;Commémoration des saints Alphée, Zachée, Romain et Jean ainsi que des saints Thomas, Victor et Isaac d'al Achmounein;Commémoration;0
3;22;Hatour;Martyre de saint Côme et saint Damien, de leurs frères et de leur mère;Martyre;1
3;23;Hatour;Décès de saint Corneille, le centurion;Décès;0
3;23;Hatour;Consécration de l’église de sainte Marina;Consécration;0
3;24;Hatour;Commémoration des vingt quatre prêtres;Commémoration;0
3;25;Hatour;Martyre de saint Mercure;Martyre;1
3;26;Hatour;Martyre de saint Valérien et saint Tiburce son frère;Martyre;1
3;26;Hatour;Commémoration de saint Grégoire, évêque de Nysse;Commémoration;0
3;27;Hatour;Martyre de saint Jacques l’intercis;Martyre;1
3;28;Hatour;Martyre de saint Sarabamôn, évêque de Nikiou;Martyre;1
3;29;Hatour;Martyre de saint Pierre, le sceau des martyrs;Martyre;1
3;29;Hatour;Martyre de saint Clément, le pape de Rome;Martyre;1
3;30;Hatour;Martyre de saint Macaire;Martyre;1
3;30;Hatour;Décès de saint Acace, patriarche de Constantinople;Décès;0
3;30;Hatour;Consécration de l’église de saint Côme et saint Damien, de leurs frères et de leur mère;Consécration;0
4;1;Kiahk;Décès de saint Jean III, le 40ème patriarche de la prédication de saint Marc;Décès;0
4;1;Kiahk;Décès de saint Athanase III, le 76ème patriarche de la prédication de saint Marc;Décès;0
4;1;Kiahk;Décès de saint Pierre d'Edesse, évêque de Ghazza;Décès;0
4;1;Kiahk;Consécration de l'église du martyr Epipham, le soldat, à Abnoub;Consécration;0
4;1;Kiahk;Consécration de l’église de saint Chénouté, l’archimandrite;Consécration;0
4;2;Kiahk;Décès de saint Abba Hour, le moine;Décès;0
4;2;Kiahk;Décès de saint Hormina, l’anachorète;Décès;0
4;3;Kiahk;Martyre de saint Bastavrôs le nouveau;Martyre;1
4;3;Kiahk;Entrée de la sainte Vierge Marie au temple de Jérusalem;Entrée;0
4;4;Kiahk;Martyre de saint André l’apôtre le frère de saint Pierre;Martyre;1
4;4;Kiahk;Consécration de l’église de saint Jean d’Héraclée à Om el Kossour à Manfalout;Consécration;0
4;4;Kiahk;Commémoration des reliques des deux saints  abba Pichoï et abba Paul;Commémoration;0
4;5;Kiahk;Martyre de saint Victor d’Assiout;Martyre;1
4;5;Kiahk;Martyre de saint Isidore;Martyre;1
4;5;Kiahk;Décès du saint prophète Nahoum;Décès;0
4;6;Kiahk;Martyre de saint Patlasse, le prêtre;Martyre;1
4;6;Kiahk;Décès de saint Abraham ibn Zara’a, le 62ème pape de la prédication de saint Marc;Décès;0
4;7;Kiahk;Martyre de saint Bâninâ et saint Nàou;Martyre;1
4;7;Kiahk;Martyre de l’éminent architecte copte Saïd ibn Kâteb al Farghani;Martyre;1
4;7;Kiahk;Décès de saint Matthieu al;Décès;0
4;7;Kiahk;Fakhouri au mont Asfoun dans la région d’Esna;Fakhouri;0
4;7;Kiahk;Consécration de l’église de saint abba Éschyrône de Qualline;Consécration;0
4;7;Kiahk;Décès de saint Jean, évêque d’Armânt;Décès;0
4;8;Kiahk;Martyre de saint Aissé et de sa sœur sainte Thècle;Martyre;1
4;8;Kiahk;Martyre des saintes Barbara et Julienne;Martyre;1
4;8;Kiahk;Décès de saint Samuel le confesseur;Décès;0
4;8;Kiahk;Décès de saint Hiéraclas, 13ème patriarche de la prédication de saint Marc;Décès;0
4;9;Kiahk;Décès de saint Pœmen, le confesseur;Décès;0
4;10;Kiahk;Martyre de saint Choura d’Akhmîm;Martyre;1
4;10;Kiahk;Décès de saint Nicolas, évêque de Myre;Décès;0
4;10;Kiahk;Transfert des reliques de saint Sévère, patriarche d’Antioche;Transfert;0
4;11;Kiahk;Martyre de saint Ptolémée de Tentyris;Martyre;1
4;11;Kiahk;Décès de saint Pijimi, l’anachorète;Décès;0
4;11;Kiahk;Consécration de l’église de saint Claude à Bakour Abou Tig;Consécration;0
4;12;Kiahk;Commémoration de l'archange Michel;Commémoration;0
4;12;Kiahk;Décès de saint Hadra d'Assouan;Décès;0
4;12;Kiahk;Commémoration de saint Jean le confesseur;Commémoration;0
4;12;Kiahk;Tenue d'un concile à Rome pour juger le prêtre Novatien;Tenue;0
4;13;Kiahk;Martyre de saint Barsanuphius;Martyre;1
4;13;Kiahk;Consécration de l’église de l’archange Raphaël à Constantinople;Consécration;0
4;13;Kiahk;Décès du pape Marc VIII, le 108ème patriarche de la prédication de saint Marc;Décès;0
4;13;Kiahk;Décès de saint Apraxios;Décès;0
4;13;Kiahk;Décès de saint Elie, l’anachorète;Décès;0
4;13;Kiahk;Consécration de l'église de saint Missaïl l'anachorète;Consécration;0
4;14;Kiahk;Martyre de saint Behnâm et sainte Sarah, sa sœur;Martyre;1
4;14;Kiahk;Martyre de saint Amonius, évêque d’Esna (Latopolis);Martyre;1
4;14;Kiahk;Martyre des saints Siméon de Ménouf, abba Hour et abba Ménas l’ancien;Martyre;1
4;14;Kiahk;Décès du pape Christodule, le 66ème patriarche de la prédication de saint Marc;Décès;0
4;14;Kiahk;Décès de saint Christodule, l’anachorète;Décès;0
4;15;Kiahk;Décès de saint Grégoire, patriarche des Arméniens;Décès;0
4;15;Kiahk;Décès de saint Luc le stylite;Décès;0
4;15;Kiahk;Décès d’abba Ezéchiel d’ Hermonthis;Décès;0
4;16;Kiahk;Martyre des saints Harouâdj, Ananias et Khouzi d’Akhmîm;Martyre;1
4;16;Kiahk;Martyre des saints Euloge et Arsène du monastère el Hadid à Akhmîm;Martyre;1
4;16;Kiahk;Martyre de saint Emsah de Qift;Martyre;1
4;16;Kiahk;Décès de Gédéon le juste, l’un des juges des fils d’Israël;Décès;0
4;16;Kiahk;Consécration de l’église de saint Jacques le persan, surnommé l’intercis;Consécration;0
4;17;Kiahk;Commémoration du transfert des reliques de saint Luc le stylite;Commémoration;0
4;17;Kiahk;Décès de saint Elie au mont Pichwaw;Décès;0
4;18;Kiahk;Transfert des reliques de saint Tite à Constantinople;Transfert;0
4;18;Kiahk;Commémoration de saint Héraclès, le martyr, et de saint Philémon le prêtre;Commémoration;0
4;19;Kiahk;Décès du pape Gabriel VI, le 91ème patriarche de la prédication de saint Marc;Décès;0
4;19;Kiahk;Décès de saint Jean, évêque d'al Borollos et compilateur du Synaxaire;Décès;0
4;20;Kiahk;Martyre d’abba Elie, l’évêque du monastère al Mouharrak et de Qousiah;Martyre;1
4;20;Kiahk;Décès du prophète Aggée le juste;Décès;0
4;21;Kiahk;Martyre de saint Barnabé, l’un des douze disciples;Martyre;1
4;21;Kiahk;Commémoration de la Mère de Dieu, la très sainte Vierge Marie;Commémoration;0
4;22;Kiahk;Commémoration de l'archange Gabriel;Commémoration;0
4;22;Kiahk;Martyre de saint Pacôme et de sa sœur sainte Dhalusham;Martyre;1
4;22;Kiahk;Décès de saint Anastase, le 36ème patriarche de la prédication de saint Marc;Décès;0
4;23;Kiahk;Décès de David, le prophète et le roi;Décès;0
4;23;Kiahk;Décès de saint Timothée, l’anachorète;Décès;0
4;24;Kiahk;Martyre de saint Ignace le Théophore, l’évêque d’Antioche;Martyre;1
4;25;Kiahk;Décès de saint Jean Kamé, le prêtre;Décès;0
4;25;Kiahk;Décès de saint Pichaï au mont al Tôd;Décès;0
4;26;Kiahk;Martyre de sainte Anastasie;Martyre;1
4;26;Kiahk;Consécration de l’église des deux saints : abba Pichaï et abba Pierre;Consécration;0
4;27;Kiahk;Martyre de saint Psoté, l'évêque de Psoï;Martyre;1
4;28;Kiahk;Préparation de la fête de la Nativité de notre Seigneur Jésus Christ;Préparation;0
4;28;Kiahk;Martyre de cent cinquante hommes et vingt quatre femmes à Antinoë;Martyre;1
4;29;Kiahk;Glorieuse Nativité de notre Seigneur Jésus Christ;Glorieuse;0
4;29;Kiahk;Martyre de l’enfant Zacharie et ses compagnons à Akhmîm;Martyre;1
4;29;Kiahk;Commémoration des martyrs d’Akhmîm;Commémoration;0
4;30;Kiahk;Adoration de notre Seigneur par les mages;Adoration;0
4;30;Kiahk;Martyre de saint Michel de Toukh;Martyre;1
4;30;Kiahk;Décès de saint Jean, l’higoumène de Scété;Décès;0
5;1;Toubah;Martyre de saint Etienne, l’archidiacre;Martyre;1
5;1;Toubah;Martyre de saint Léonce;Martyre;1
5;1;Toubah;Martyre de saint Dioscores et de son frère saint Séclapios;Martyre;1
5;2;Toubah;Martyre de saint Gallinicus, évêque d’Oussime;Martyre;1
5;2;Toubah;Décès de saint Théonas, le 16ème patriarche de la prédication de saint Marc;Décès;0
5;2;Toubah;Décès de saint Youna;Décès;0
5;3;Toubah;Commémoration de l’assassinat des enfants de Bethléem;Commémoration;0
5;4;Toubah;Décès de saint Jean l’évangéliste;Décès;0
5;5;Toubah;Martyre de saint Eugénios, le soldat;Martyre;1
5;5;Toubah;Martyre de saint Bâniqouros;Martyre;1
5;5;Toubah;Décès du pape Théodose II, le 79ème patriarche de la prédication de saint Marc;Décès;0
5;5;Toubah;Décès du pape Matthieu 1er, le 87ème patriarche de la prédication de saint Marc;Décès;0
5;6;Toubah;Fête de la circoncision de Notre Seigneur Jésus Christ;Fête;0
5;6;Toubah;Martyre des quatre notables d’Esna;Martyre;1
5;6;Toubah;Commémoration de l’enlèvement du prophète Elie ;Commémoration;0
5;6;Toubah;Décès du pape Marcien, huitième patriarche de la prédication de saint Marc;Décès;0
5;6;Toubah;Décès du pape Marc III, 73ème patriarche de la prédication de saint Marc;Décès;0
5;6;Toubah;Décès du pape Gabriel III, 77ème patriarche de la prédication de saint Marc;Décès;0
5;6;Toubah;Décès de saint Basile le grand, archevêque de Césarée en Capadoce;Décès;0
5;6;Toubah;Consécration de l’église du martyr Isaac al Dafrawi;Consécration;0
5;7;Toubah;Décès de saint Sylvestre, le pape de Rome;Décès;0
5;8;Toubah;Restitution de la tête de l’apôtre saint Marc;Restitution;0
5;8;Toubah;Décès du pape Andronic, le trente septième patriarche de la prédication de saint Marc;Décès;0
5;8;Toubah;Décès du pape Benjamin 1er, le trente huitième patriarche de la prédication de saint Marc;Décès;0
5;8;Toubah;Décès du pape Gabriel V, le quatre vingt huitième patriarche de la prédication de saint Marc;Décès;0
5;8;Toubah;Consécration de l’église de saint Macaire le grand;Consécration;0
5;9;Toubah;Décès de saint Abraham, le compagnon d’abba Gawarguy;Décès;0
5;9;Toubah;Décès d’abba Phîs;Décès;0
5;10;Toubah;Préparation (برمون) de la fête de l'Epiphanie;Préparation;0
5;10;Toubah;Décès de saint Juste, le disciple d’abba Samuel le confesseur;Décès;0
5;11;Toubah;Fête de la Théophanie;Fête;0
5;11;Toubah;Décès du pape Jean VI, le 74ème patriarche de la prédication de saint Marc;Décès;0
5;11;Toubah;Décès du pape Benjamin II, le 82ème patriarche de la prédication de saint Marc;Décès;0
5;12;Toubah;Martyre de saint Théodore l’oriental;Martyre;1
5;12;Toubah;Martyre de saint Anatole;Martyre;1
5;12;Toubah;Lendemain de la fête de la Théophanie;Lendemain;0
5;12;Toubah;Commémoration de l’archange Michel;Commémoration;0
5;13;Toubah;Commémoration de la noce de Cana en Galilée;Commémoration;0
5;13;Toubah;Martyre de sainte Damiana;Martyre;1
5;13;Toubah;Décès de saint Théophile le moine;Décès;0
5;14;Toubah;Martyre de sainte Mohrati;Martyre;1
5;14;Toubah;Décès de saint Archélides;Décès;0
5;14;Toubah;Décès de saint Maxime frère de Dométien;Décès;0
5;15;Toubah;Décès du saint prophète Abdias;Décès;0
5;16;Toubah;Martyre de saint Philothée;Martyre;1
5;16;Toubah;Décès de saint Jean, le 48ème patriarche de la prédication de saint Marc;Décès;0
5;17;Toubah;Décès de saint Domitien (Domèce), le frère de saint Maxime;Décès;0
5;17;Toubah;Décès d'Abba Youssab al abah, évêque de Guérga;Décès;0
5;18;Toubah;Décès de saint Jacques, l’évêque de Nisibe;Décès;0
5;18;Toubah;Commémoration de Marie et Marthe, les deux sœurs de Lazare, le bien aimé;Commémoration;0
5;18;Toubah;Décès de saint Andrâs surnommé Abou l lif;Décès;0
5;19;Toubah;Découverte des reliques de saint abba Hour, saint Pissouri ainsi que sainte Ampira, leur mère;Découverte;0
5;20;Toubah;Martyre de saint Klog, le prêtre;Martyre;1
5;20;Toubah;Martyre de saint Bahna;Martyre;1
5;20;Toubah;Décès de saint Prochore, l’un des 70 disciples;Décès;0
5;20;Toubah;Consécration de l’église de saint Jean le détenteur de l'Evangile en or;Consécration;0
5;21;Toubah;Décès de notre Dame, la Vierge Marie, la sainte Mère de Dieu;Décès;0
5;21;Toubah;Décès de sainte Hilarie, la fille de l’empereur Zénon;Décès;0
5;22;Toubah;Décès de saint Antoine le grand, le père de tous les moines;Décès;0
5;23;Toubah;Martyre de saint Timothée, le disciple de l’apôtre saint Paul et l’évêque d’Ephèse;Martyre;1
5;23;Toubah;Décès d’abba Cyrille IV, le père de la réforme, le 110ème patriarche de la prédication de saint Marc;Décès;0
5;24;Toubah;Martyre d'Abba Bissada le prêtre;Martyre;1
5;24;Toubah;Décès de sainte Marie l’ascète;Décès;0
5;25;Toubah;Martyre de saint Askalâs;Martyre;1
5;25;Toubah;Décès de saint Pierre, l’adorateur;Décès;0
5;26;Toubah;Martyre des 49 saints, les anciens de Scété;Martyre;1
5;26;Toubah;Martyre de saint Bagouch;Martyre;1
5;26;Toubah;Décès de sainte Anastasie;Décès;0
5;27;Toubah;Martyre d’abba Fam (Phœbammon) d’Ossîm, le soldat;Martyre;1
5;27;Toubah;Martyre de saint Sérapion;Martyre;1
5;27;Toubah;Commémoration de l’archange Suriel;Commémoration;0
5;27;Toubah;Translation des reliques de saint Timothée, le disciple de l’apôtre saint Paul;Translation;0
5;28;Toubah;Martyre d’abba Kaou;Martyre;1
5;28;Toubah;Martyre de saint Clément, l’évêque d’Ankara;Martyre;1
5;28;Toubah;Martyre de saint Phylias, l’évêque de Tamyel Amdid;Martyre;1
5;29;Toubah;Commémoration de saint Syriaque, le combattant;Commémoration;0
5;29;Toubah;Décès de sainte Xani;Décès;0
5;30;Toubah;Martyre des trois vierges saintes Pistis, Helpis et Agapi et décès de leur mère Sophie;Martyre;1
5;30;Toubah;Décès du pape Ménas 1er, le 47ème patriarche de la prédication de saint Marc;Décès;0
5;30;Toubah;Décès de saint Abraham d’Edesse;Décès;0
6;1;Amshir;Martyre de saint Abâdyoun, évêque d’Antinoë;Martyre;1
6;1;Amshir;Commémoration du second concile œcuménique à Constantinople;Commémoration;0
6;1;Amshir;Commémoration de la consécration de la première église construite en l'honneur de saint Pierre, le sceau des martyrs, à Alexandrie;Commémoration;0
6;2;Amshir;Décès de saint Paul, le premier des Ermites;Décès;0
6;2;Amshir;Décès de saint Longin, abbé du monastère d’al Zougag;Décès;0
6;3;Amshir;Décès de saint Jacques le moine;Décès;0
6;3;Amshir;Décès de saint Hédra dans la roche de Benhadeb;Décès;0
6;4;Amshir;Martyre de saint Agabus, l’un des soixante dix disciples du Christ;Martyre;1
6;5;Amshir;Martyre de saint Hippolyte, pape de Rome;Martyre;1
6;5;Amshir;Commémoration de la translation des reliques des quarante neuf les anciens de Scété;Commémoration;0
6;5;Amshir;Décès du pape Agrippin, le 10ème patriarche de la prédication de saint Marc;Décès;0
6;5;Amshir;Décès de saint abba Pichaï, du monastère rouge;Décès;0
6;5;Amshir;Décès de saint Apollo, le compagnon de saint Abib;Décès;0
6;5;Amshir;Décès de saint abba Noub, le propriétaire de l’éventail en or;Décès;0
6;6;Amshir;Martyre des saints Aboukir, Jean ainsi que des trois vierges et de leur mère;Martyre;1
6;6;Amshir;Décès du pape Marc IV, le quatre vingt quatrième patriarche de la prédication de saint Marc;Décès;0
6;6;Amshir;Décès de saint Zânoufyous;Décès;0
6;7;Amshir;Décès du pape saint Alexandre II le 43ème patriarche de la prédication de saint Marc;Décès;0
6;7;Amshir;Décès du pape saint Théodore 1er le 45ème patriarche de la prédication de saint Marc;Décès;0
6;8;Amshir;Présentation de Jésus Christ au temple;Présentation;0
6;8;Amshir;Décès de saint Syméon, le vieillard;Décès;0
6;9;Amshir;Martyre de saint Paul le syriaque;Martyre;1
6;9;Amshir;Martyre de saint Siméon;Martyre;1
6;9;Amshir;Décès de saint Parsouma, le père des moines syriens;Décès;0
6;9;Amshir;Décès de sainte Euphrosiné;Décès;0
6;10;Amshir;Martyre de saint Philo, évêque de Perse;Martyre;1
6;10;Amshir;Martyre de saint Juste, le fils de Numérien;Martyre;1
6;10;Amshir;Décès de saint Isidore de Péluse;Décès;0
6;11;Amshir;Martyre de saint Fabien, Pape de Rome;Martyre;1
6;11;Amshir;Décès du pape Jean XIII, le 94ème patriarche de la prédication de saint Marc;Décès;0
6;12;Amshir;Commémoration de l’archange Michel;Commémoration;0
6;12;Amshir;Décès de saint Gélasius, l’ascète;Décès;0
6;13;Amshir;Martyre de saint Serge d’Atrib, de ses parents, sa sœur et de plusieurs autres personnes;Martyre;1
6;13;Amshir;Décès du pape Timothée III, le 32ème patriarche de la prédication de saint Marc;Décès;0
6;14;Amshir;Décès de saint Sévère, le patriarche d'Antioche;Décès;0
6;14;Amshir;Décès du pape saint Jacques, le 50ème patriarche de la prédication de saint Marc;Décès;0
6;15;Amshir;Martyre du saint prophète Zacharie fils de Bérékya, fils de Iddo;Martyre;1
6;15;Amshir;Martyre d’abba Pigol, le prêtre;Martyre;1
6;15;Amshir;Décès de saint Paphnouté, le moine;Décès;0
6;15;Amshir;Consécration de la 1ère église en l’honneur des quarante martyrs de Sébaste;Consécration;0
6;16;Amshir;Décès de sainte Elisabeth, mère de saint Jean le Baptiste;Décès;0
6;16;Amshir;Décès du pape Michel III, le 92ème patriarche de la prédication de saint Marc;Décès;0
6;16;Amshir;Décès de saint Michel al Beheiry, l’hygoumène, du monastère al Mouharrak;Décès;0
6;17;Amshir;Martyre de saint Ménas, le moine;Martyre;1
6;17;Amshir;Consécration de l’église de saint Qastour al Bardanouhi;Consécration;0
6;18;Amshir;Décès de saint Mélèce le confesseur, Patriarche d’Antioche;Décès;0
6;18;Amshir;Consécration de l’église de saint Paul le simple;Consécration;0
6;19;Amshir;Translation à Antioche des reliques de saint Martin, le moine;Translation;0
6;20;Amshir;Martyre des saints Basile, Théodore et Timothée;Martyre;1
6;20;Amshir;Décès du pape saint Pierre II, le 21ème patriarche de la prédication de saint Marc;Décès;0
6;21;Amshir;Martyre de saint Onésime, le disciple de saint Paul, l’apôtre;Martyre;1
6;21;Amshir;Commémoration de la sainte vierge Marie;Commémoration;0
6;21;Amshir;Décès du pape Gabriel 1er, le 57ème patriarche de la prédication de saint Marc;Décès;0
6;21;Amshir;Décès de saint Zacharie, l’évêque de Sakha;Décès;0
6;22;Amshir;Décès de saint Marouthas évêque de Maypherkat;Décès;0
6;23;Amshir;Martyre de saint Eusèbe, le fils du ministre Basilidès;Martyre;1
6;24;Amshir;Martyre de saint Timothée à Gaza et saint Mathias à Qous;Martyre;1
6;24;Amshir;Décès de saint Agapet l’évêque;Décès;0
6;25;Amshir;Martyre de saint Philémon, de sainte Apphia et de leur fils Archippus;Martyre;1
6;25;Amshir;Martyre de saint Quona à Rome;Martyre;1
6;25;Amshir;Martyre de saint Ménas à Qos;Martyre;1
6;25;Amshir;Décès de saint Fana au mont Délga;Décès;0
6;26;Amshir;Martyre de saint Sâdouk et de ses 128 compagnons;Martyre;1
6;26;Amshir;Martyre des deux évêque Tyrannion et Silvain ainsi que du prêtre Zénobe et de leurs compagnons dans la ville de Tyr;Martyre;1
6;26;Amshir;Décès du saint prophète Osée;Décès;0
6;27;Amshir;Martyre de sainte Perpétue et de ses compagnons;Martyre;1
6;27;Amshir;Décès du saint Eustathe, patriarche d’Antioche;Décès;0
6;28;Amshir;Translation des reliques du martyr saint Théodore l’oriental;Translation;0
6;29;Amshir;Martyre de saint Polycarpe, évêque de Smyrne;Martyre;1
6;30;Amshir;Découverte de la tête de saint Jean le baptiste;Découverte;0
6;30;Amshir;Décès du pape Cyrille (Kyrillos) VI, le 116ème patriarche de la prédication de saint Marc;Décès;0
7;1;Baramhat;Martyre de saint Makronius et de saint Takla;Martyre;1
7;1;Baramhat;Martyre de saint Alexandre le soldat;Martyre;1
7;1;Baramhat;Décès de saint Narcisse, évêque de Jérusalem;Décès;0
7;1;Baramhat;Décès de saint Markourah, l’évêque;Décès;0
7;1;Baramhat;Décès du moine Georges (Guiguis) ibn-el-aamid, surnommé ibn-el-makin;Décès;0
7;2;Baramhat;Martyre de l’évêque saint Makrawi;Martyre;1
7;3;Baramhat;Martyre de saint Perfonios;Martyre;1
7;3;Baramhat;Martyre de saint Porphyre, l’évêque de Gaza;Martyre;1
7;3;Baramhat;Décès du pape Côme III, le 58ème patriarche de la prédication de saint Marc;Décès;0
7;3;Baramhat;Décès d’abba Hadid le prêtre;Décès;0
7;4;Baramhat;Martyre de saint Hanolious, le prince;Martyre;1
7;4;Baramhat;Réunion d’un concile dans l’île de béni-omar;Réunion;0
7;5;Baramhat;Décès d'abba Sarapamôn, higoumène du monastère de saint Jean Colobos;Décès;0
7;5;Baramhat;Commémoration du martyre de sainte Eudoxie;Commémoration;0
7;6;Baramhat;Martyre de saint Dioscore à l’époque des arabes;Martyre;1
7;6;Baramhat;Décès de saint Théodote, l’évêque et le confesseur;Décès;0
7;7;Baramhat;Martyre des saints Philémon et Apollonius;Martyre;1
7;7;Baramhat;Martyre de sainte Marie l’israélite;Martyre;1
7;8;Baramhat;Martyre de saint Matthias, l’apôtre;Martyre;1
7;8;Baramhat;Martyre de saint Arien, le gouverneur d’Antinoë;Martyre;1
7;8;Baramhat;Décès de saint Julien, le 11ème pape d’Alexandrie;Décès;0
7;9;Baramhat;Martyre des saints Adrien et son épouse Marthe ainsi qu’Eusèbe, Arma et quarante martyrs;Martyre;1
7;9;Baramhat;Décès de l’évêque saint Konan;Décès;0
7;10;Baramhat; Commémoration de la manifestation de la glorieuse croix; Commémoration;0
7;11;Baramhat;Martyre de saint Basile, l’évêque de Jérusalem;Martyre;1
7;11;Baramhat;Décès de saint Narcisse, évêque de Jérusalem;Décès;0
7;12;Baramhat;Martyre de saint Malachie en Palestine;Martyre;1
7;12;Baramhat;Martyre de saint Glathinos à Damas;Martyre;1
7;12;Baramhat;Commémoration de l’archange Michel;Commémoration;0
7;12;Baramhat;Commémoration de la manifestation de la chasteté de saint Démétrios, le 12ème pape d’Alexandrie;Commémoration;0
7;13;Baramhat;Martyre des 40 saints de Sébaste;Martyre;1
7;13;Baramhat;Décès de saint Denys le 14ème pape d’Alexandrie;Décès;0
7;13;Baramhat;Retour de saint Macaire le grand et saint Macaire d’Alexandrie de leur exil;Retour;0
7;14;Baramhat;Martyre des saints Eugène, Agathodore et Elpidius;Martyre;1
7;14;Baramhat;Martyre de saint Chénouda de Bahnassa;Martyre;1
7;15;Baramhat;Martyre de saint Elias d’Ahnâs;Martyre;1
7;15;Baramhat;Décès de sainte Sarah, la moniale;Décès;0
7;16;Baramhat;Apparition de la sainte Vierge Marie à l’église de sainte Damiana à Choubra au Caire;Apparition;0
7;16;Baramhat;Décès du pape Michel (Khaïl) 1er, le 46ème patriarche de la prédication de saint Marc;Décès;0
7;17;Baramhat;Martyre de Sid-hom Bichay à Damiette;Martyre;1
7;17;Baramhat;Décès de Lazare le bien-aimé du Seigneur;Décès;0
7;17;Baramhat;Décès de saint Basile, le métropolite de Jérusalem;Décès;0
7;17;Baramhat;Commémoration des saints Georges l'adorateur et de Placios le martyr ainsi que de l'évêque abba Youssef;Commémoration;0
7;18;Baramhat;Martyre de saint Isidore le compagnon de Sana le soldat;Martyre;1
7;19;Baramhat;Martyre de saint Alexandre, saint Agapius et de leurs compagnons;Martyre;1
7;19;Baramhat;Décès de saint Aristobule, un des soixante-dix disciples;Décès;0
7;20;Baramhat;Décès du pape Michel (Khaïl) III, le 56ème patriarche de la prédication de saint Marc;Décès;0
7;20;Baramhat;Commémoration de la résurrection de Lazare, l’ami de notre Seigneur;Commémoration;0
7;21;Baramhat;Martyre des saints Théodore et Timothée;Martyre;1
7;21;Baramhat;Commémoration de la mère de Dieu, la sainte Vierge Marie;Commémoration;0
7;21;Baramhat;Venue de Notre Sauveur à Béthanie et concertation des grands prêtres pour tuer Lazare, celui que le Seigneur a ressuscité;Venue;0
7;22;Baramhat;Décès de saint Cyrille, évêque de Jérusalem;Décès;0
7;22;Baramhat;Décès de Joseph d’Arimathie, le juste;Décès;0
7;22;Baramhat;Décès de saint Michel, évêque de Nakadah;Décès;0
7;23;Baramhat;Décès du prophète Daniel, le juste ;Décès;0
7;24;Baramhat;Apparition de la Sainte vierge Marie sur le toit de l'église qui lui est dédiée à Zeitoun;Apparition;0
7;24;Baramhat;Décès du pape saint Macaire 1er, le 59ème Pape de la prédication de saint Marc;Décès;0
7;25;Baramhat;Martyre de saint Onésiphore, l’un des 70 disciples;Martyre;1
7;25;Baramhat;Décès de saint Prisca, l’un des 70 disciples;Décès;0
7;25;Baramhat;Décès du pape Mathieu III le 100ème patriarche;Décès;0
7;26;Baramhat;Décès de sainte Eupraxie, la vierge;Décès;0
7;26;Baramhat;Décès du pape Pierre VI, le 104ème patriarche de la prédication de saint Marc;Décès;0
7;27;Baramhat;Martyre de saint Domikios;Martyre;1
7;27;Baramhat;Commémoration de la crucifixion de notre Seigneur Jésus Christ;Commémoration;0
7;27;Baramhat;Décès de saint Macaire le grand;Décès;0
7;28;Baramhat;Décès de l’empereur Constantin le grand;Décès;0
7;28;Baramhat;Décès du pape Pierre (Boutros) VII, le 109ème patriarche de la prédication de saint Marc;Décès;0
7;28;Baramhat;Commémoration d’Abba Sarabamôn, surnommé abou Tarha (le voilé);Commémoration;0
7;29;Baramhat;Fête de l’annonciation;Fête;0
7;29;Baramhat;Commémoration de la résurrection du Christ d’entre les morts;Commémoration;0
7;30;Baramhat;Commémoration de l’archange Gabriel, le Messager;Commémoration;0
7;30;Baramhat;Commémoration de Samson, l’un des juges d’Israël;Commémoration;0
7;30;Baramhat;Translation des reliques de saint Jacques, l’intercis;Translation;0
8;1;Baramouda;Décès de saint Silvain le moine;Décès;0
8;1;Baramouda;Décès du prêtre Aaron;Décès;0
8;1;Baramouda;Attaque du désert de Scété par les bédouins de haute Egypte;Attaque;0
8;2;Baramouda;Martyre de saint Christophe;Martyre;1
8;2;Baramouda;Décès du pape Jean IX le 81ème patriarche de la prédication de saint Marc;Décès;0
8;3;Baramouda;Décès du pape Michel II, le 71ème pape de la prédication de saint Marc;Décès;0
8;3;Baramouda;Décès de saint Jean, l’évêque de Jérusalem;Décès;0
8;4;Baramouda;Martyre de saint Victor, saint Acace, saint Dèce, sainte Iriny la vierge ainsi que de nombreuses personnes, hommes et femmes, qui les accompagnaient;Martyre;1
8;4;Baramouda;Décès de saint Eugine;Décès;0
8;5;Baramouda;Martyre du prophète Ezéchiel fils de Buzi;Martyre;1
8;5;Baramouda;Martyre de saint Hypatius, évêque de Gangre;Martyre;1
8;6;Baramouda;Décès de sainte Marie l’égyptienne, l’anachorète;Décès;0
8;7;Baramouda;Martyre de saint Agapius et sainte Théodora;Martyre;1
8;7;Baramouda;Décès de Joachim le juste, le père de la sainte Vierge Marie;Décès;0
8;7;Baramouda;Décès de saint Macrobe;Décès;0
8;8;Baramouda;Martyre des vierges, saintes Agapé, Irène et Chiona;Martyre;1
8;8;Baramouda;Martyre de 150 fidèles tués par le roi des perses;Martyre;1
8;9;Baramouda;Décès de saint Zosime, le prêtre;Décès;0
8;9;Baramouda;Commémoration du grand miracle que Dieu accomplit par l’intermédiaire du pape Chénouda 1er, le 55ème patriarche;Commémoration;0
8;10;Baramouda;Décès d’abba Isaac, le disciple d’abba Apollo;Décès;0
8;10;Baramouda;Décès du pape Gabriel II, le 70ème patriarche de la prédication de saint Marc;Décès;0
8;11;Baramouda;Décès de sainte Théodora;Décès;0
8;11;Baramouda;Décès de saint Jean, l’évêque de Gaza;Décès;0
8;12;Baramouda;Commémoration de l’archange Michel;Commémoration;0
8;12;Baramouda;Décès de saint Alexandre le confesseur, l’évêque de Jérusalem;Décès;0
8;12;Baramouda;Décès de saint Antoine, l’évêque de Thmoui;Décès;0
8;13;Baramouda;Martyre des deux saints Josué et Joseph;Martyre;1
8;13;Baramouda;Martyre de saint Médius;Martyre;1
8;13;Baramouda;Décès du pape Jean XVII, le 105ème patriarche de la prédication de saint Marc;Décès;0
8;13;Baramouda;Commémoration de sainte Denise;Commémoration;0
8;14;Baramouda;Décès du pape Maxime, le 15ème patriarche de la prédication de saint Marc;Décès;0
8;14;Baramouda;Décès de saint Ehrôn le syriaque;Décès;0
8;15;Baramouda;Martyre de la reine sainte Alexandra;Martyre;1
8;15;Baramouda;Consécration de l’église de saint Agabus, l’un des soixante-dix disciples du Christ;Consécration;0
8;15;Baramouda;Décès du pape Marc VI, le 101ème patriarche de la prédication de saint Marc;Décès;0
8;16;Baramouda;Martyre de saint Antipas, évêque de Pergame et disciple de l’apôtre saint Jean;Martyre;1
8;16;Baramouda;Commémoration de l’élévation d’Enoch le juste vivant vers le ciel;Commémoration;0
8;17;Baramouda;Martyre de saint Jacques le majeur, un des douze apôtres ainsi que le frère de saint Jean le bien-aimé;Martyre;1
8;17;Baramouda;Décès de saint Nicodème;Décès;0
8;18;Baramouda;Martyre de saint Arsène le disciple de saint Sissinius;Martyre;1
8;18;Baramouda;Décès de saint Apollo, le disciple de saint Samuel le confesseur;Décès;0
8;19;Baramouda;Martyre de saint Siméon l’arménien, évêque de Perse;Martyre;1
8;19;Baramouda;Martyre du bienheureux Jean Abou-Nagah le grand et du notable Abou-l-‘Ala Fahd fils d’Ibrahim ainsi que de leurs compagnons;Martyre;1
8;19;Baramouda;Martyre de David, le moine, le fils de Gabriel el-Borgui;Martyre;1
8;20;Baramouda;Martyre de saint Paphnouté de Déndérah;Martyre;1
8;21;Baramouda;Commémoration de la sainte Vierge Marie, la Mère de Dieu;Commémoration;0
8;21;Baramouda;Décès de saint Hiérothée, évêque d’Athènes;Décès;0
8;22;Baramouda;Décès du pape Alexandre I, le 19ème patriarche de la prédication de saint Marc;Décès;0
8;22;Baramouda;Décès du pape Marc II, le 49ème patriarche de la prédication de saint Marc;Décès;0
8;22;Baramouda;Décès du pape Michel II, le 53ème patriarche de la prédication de saint Marc;Décès;0
8;22;Baramouda;Décès de saint Isaac de Hourîn;Décès;0
8;23;Baramouda;Martyre de saint Georges, le grand martyr;Martyre;1
8;24;Baramouda;Martyre de saint Sina, le soldat et le compagnon de saint Isidore;Martyre;1
8;24;Baramouda;Décès du pape Chénouté I, le 55ème patriarche de la prédication de saint Marc;Décès;0
8;25;Baramouda;Martyre de sainte Sarah et de ses deux fils;Martyre;1
8;25;Baramouda;Martyre de saint Théodore l’adorateur et de 100 autres personnes;Martyre;1
8;26;Baramouda;Martyre de saint Sousnyos et de 1100 autres personnes;Martyre;1
8;26;Baramouda;Décès du pape Jean VII, le 78ème patriarche de la prédication de saint Marc;Décès;0
8;27;Baramouda;Martyre de saint Victor, le fils de Romanos;Martyre;1
8;28;Baramouda;Martyre de saint Milius, l’ermite;Martyre;1
8;29;Baramouda;Commémoration de l’Annonciation, la Nativité et la Résurrection;Commémoration;0
8;29;Baramouda;Décès de saint Eraste, un des 70 disciples;Décès;0
8;29;Baramouda;Décès de saint Acace, l’évêque de Jérusalem;Décès;0
8;30;Baramouda;Martyre de saint Marc l’évangéliste, le prédicateur de l’Egypte;Martyre;1
9;1;Bachans;Nativité de la très sainte Vierge Marie, la Mère de Dieu;Nativité;0
9;2;Bachans;Martyre de saint Phylothée de Dronka;Martyre;1
9;2;Bachans;Décès de Job, le juste;Décès;0
9;2;Bachans;Décès de saint Théodore de Tabenne, le disciple de saint Pacôme, le père des Cénobites;Décès;0
9;3;Bachans;Martyre de saint Otimus, le prêtre;Martyre;1
9;3;Bachans;Décès de saint Jason, l’un des soixante-dix disciples;Décès;0
9;3;Bachans;Décès du pape Gabriel IV, le 86ème patriarche de la prédication de saint Marc;Décès;0
9;4;Bachans;Décès du pape Jean 1er, le 29ème patriarche de la prédication de saint Marc;Décès;0
9;4;Bachans;Décès du pape Jean V, le 72ème patriarche de la prédication de saint Marc;Décès;0
9;5;Bachans;Martyre du prophète Jérémie;Martyre;1
9;6;Bachans;Martyre de saint Isaac de Tiphré;Martyre;1
9;6;Bachans;Martyre de sainte Doulaguy et de ses quatre enfants;Martyre;1
9;6;Bachans;Martyre de saint Paphnouté d’el Bandarah;Martyre;1
9;6;Bachans;Décès de saint Macaire d’Alexandrie;Décès;0
9;7;Bachans;Décès du pape saint Athanase l’apostolique, le 20ème patriarche de la prédication de saint Marc;Décès;0
9;8;Bachans;Martyre de saint Jean de Senhout;Martyre;1
9;8;Bachans;Commémoration de l’ascension de notre Seigneur Jésus Christ;Commémoration;0
9;8;Bachans;Décès de saint Daniel l’higoumène de la vallée de Scété;Décès;0
9;9;Bachans;Décès de sainte Hélène, la reine;Décès;0
9;9;Bachans;Décès du pape Jean XI, le 89ème patriarche de la prédication de saint Marc;Décès;0
9;9;Bachans;Décès du pape Gabriel VIII, le 97ème patriarche de la prédication de saint Marc;Décès;0
9;10;Bachans;Lancement des trois jeunes saints : Ananias, Azarias et Misaël dans la fournaise de feu;Lancement;0
9;11;Bachans;Martyre de sainte Théoclia épouse de saint Juste fils de l’empereur Numérien;Martyre;1
9;11;Bachans;Décès d'abba Paphnouté, l'évêque;Décès;0
9;12;Bachans;Martyre du notable el-moallem Malaty;Martyre;1
9;12;Bachans;Commémoration de l'archange Michel;Commémoration;0
9;12;Bachans;Translation des reliques de saint Jean Chrysostome;Translation;0
9;12;Bachans;Commémoration de l'apparition d'une croix lumineuse au-dessus du Golgotha;Commémoration;0
9;12;Bachans;Décès du pape Marc VII, 106ème patriarche de la prédication de saint Marc;Décès;0
9;12;Bachans;Consécration de l'église de sainte Damienne;Consécration;0
9;13;Bachans;Martyre d'abba Pigol, le soldat;Martyre;1
9;13;Bachans;Décès de saint Arsène, le précepteur des fils de l'empereur;Décès;0
9;14;Bachans;Martyre de saint Épimaque de Péluse;Martyre;1
9;14;Bachans;Décès d’abba Pacôme, le père du monachisme cénobitique;Décès;0
9;15;Bachans;Martyre de saint Siméon le cananite et le zélote, un des douze apôtres;Martyre;1
9;15;Bachans;Martyre de quatre cent personnes à Déndérah;Martyre;1
9;15;Bachans;Commémoration du diacre Ménas, l’anachorète;Commémoration;0
9;15;Bachans;Décès du prêtre Chams-el-Riassa abou-Barakât, connu sous le nom d’ibn-Kébar;Décès;0
9;16;Bachans;Consécration de l’église de saint Jean l’évangéliste, à Alexandrie;Consécration;0
9;17;Bachans;Commémoration de la Pentecôte;Commémoration;0
9;17;Bachans;Décès de saint Georges, le compagnon de saint Abraam;Décès;0
9;18;Bachans;Commémoration de la Pentecôte;Commémoration;0
9;18;Bachans;Décès de saint Georges, le compagnon de saint Abraam;Décès;0
9;19;Bachans;Martyre de saint Isidore d’Antioche;Martyre;1
9;19;Bachans;Décès de saint Isaac, le prêtre des Kélias;Décès;0
9;20;Bachans;Martyre des six soldats qui ont accompagné le prince Claude, le martyr;Martyre;1
9;20;Bachans;Décès d’abba Amonius, l’ermite;Décès;0
9;21;Bachans;Commémoration de la sainte Vierge Marie, la Mère de Dieu;Commémoration;0
9;21;Bachans;Décès de saint Marcien;Décès;0
9;22;Bachans;Martyre de 142 enfants et 28 femmes;Martyre;1
9;22;Bachans;Décès de saint Andronique, l’un des soixante-dix disciples;Décès;0
9;22;Bachans;Décès de saint Amoun, le fondateur de la vallée de Nitrie;Décès;0
9;23;Bachans;Martyre de sainte Tekla pendant le martyre du prince Claude;Martyre;1
9;23;Bachans;Martyre de saint Julien et sa mère à Alexandrie;Martyre;1
9;23;Bachans;Décès de saint Junias, un des soixante-dix disciples;Décès;0
9;23;Bachans;Décès de saint Potamon le confesseur;Décès;0
9;24;Bachans;Martyre de saint Chatoufa, le moine du monastère d’abba Macaire;Martyre;1
9;24;Bachans;Commémoration de la venue du Christ en Egypte;Commémoration;0
9;24;Bachans;Décès du prophète Habacuc;Décès;0
9;25;Bachans;Martyre de saint Colluthus d’Antinoë, le médecin;Martyre;1
9;25;Bachans;Décès du Mo’allem Ibrahim al-Gohari, le grand dignitaire;Décès;0
9;26;Bachans;Martyre de saint Thomas, l'apôtre;Martyre;1
9;27;Bachans;Décès de saint Lazare, le bien-aimé du Seigneur;Décès;0
9;27;Bachans;Décès d’abba Thomas l’anachorète au mont Chénechéf;Décès;0
9;27;Bachans;Décès du pape Jean II, le 30ème patriarche de la prédication de saint Marc;Décès;0
9;28;Bachans;Translation des reliques de saint Epiphane;Translation;0
9;29;Bachans;Commémoration de l’Annonciation, la Nativité et la Résurrection;Commémoration;0
9;29;Bachans;Décès de saint Siméon le stylite;Décès;0
9;30;Bachans;Décès de saint Phorus, l’un des soixante-dix disciples;Décès;0
9;30;Bachans;Décès de saint Michel 1er, le 68ème patriarche de la prédication de saint Marc;Décès;0
10;1;Paoni;Martyre de saint abba Fam le soldat;Martyre;1
10;1;Paoni;Martyre de saint Côme de Taha ainsi que ses compagnons;Martyre;1
10;1;Paoni;Décès de Saint Carpos, l’un des soixante-dix disciples;Décès;0
10;1;Paoni;Consécration de l’église de saint Léonce de Tripoli;Consécration;0
10;2;Paoni;Apparition des reliques de saint Jean le baptiste et du prophète Elysée;Apparition;0
10;2;Paoni;Décès du pape Jean XVIII, le 107ème patriarche de la prédication de saint Marc;Décès;0
10;3;Paoni;Décès de saint Abraham, l'évêque de Fayoum et de Guizeh;Décès;0
10;3;Paoni;Martyre de saint Alladius, l'évêque;Martyre;1
10;3;Paoni;Décès de sainte Marthe, l'ermite;Décès;0
10;4;Paoni;Martyre de saint Sinoussious;Martyre;1
10;4;Paoni;Martyre de saint Jean d’Héraclée;Martyre;1
10;4;Paoni;Martyre d’abba Amon et la juste Sophie;Martyre;1
10;4;Paoni;Décès de saint abba Hor;Décès;0
10;4;Paoni;Décès du pape Jean VIII, le 80ème patriarche;Décès;0
10;5;Paoni;Martyre de saint Pifâm;Martyre;1
10;5;Paoni;Martyre de saint Pichaï et saint Pierre;Martyre;1
10;5;Paoni;Décès de saint Jacques d’orient, le confesseur;Décès;0
10;5;Paoni;Commémoration de la consécration de l’église de saint Victor dans la région de Cho;Commémoration;0
10;6;Paoni;Martyre de saint Théodore, le moine;Martyre;1
10;6;Paoni;Décès de saint Didyme l'aveugle;Décès;0
10;7;Paoni;Martyre de saint Abba Éschyrône, le soldat;Martyre;1
10;7;Paoni;Consécration de l’église d’abba Matthieu el-Fakhouri au mont d’Esna;Consécration;0
10;7;Paoni;Décès de saint Moïse au mont d’Akhmim;Décès;0
10;8;Paoni;Martyre de Saint Georges le Néo-martyr;Martyre;1
10;8;Paoni;Consécration de l’église de la sainte Vierge surnommée al-Mahammah;Consécration;0
10;8;Paoni;Commémoration de sainte Tamada et ses enfants ainsi que saint Armanous et sa mère;Commémoration;0
10;9;Paoni;Translation des reliques de saint Mercure au Caire;Translation;0
10;9;Paoni;Martyre de saint Lucilianus et quatre autres personnes avec lui;Martyre;1
10;9;Paoni;Martyre de saint Apamôn et saint Serna;Martyre;1
10;9;Paoni;Décès de saint Samuel, le prophète;Décès;0
10;10;Paoni;Martyre de saint Maksy de Chénra, le prêtre;Martyre;1
10;10;Paoni;Martyre de sainte Dabamoune, sa sœur Bastamoune ainsi que leur mère Sophie;Martyre;1
10;10;Paoni;Commémoration de l’ouverture des églises;Commémoration;0
10;10;Paoni;Décès du pape Jean XVI le 103ème patriarche de la prédication de saint Marc;Décès;0
10;11;Paoni;Martyre de saint Euclide;Martyre;1
10;11;Paoni;Commémoration de l'édification de l'autel des quarante martyrs dans l'église du Sauveur à Alexandrie;Commémoration;0
10;12;Paoni;Commémoration de l’archange Michel;Commémoration;0
10;12;Paoni;Décès de sainte Euphémie;Décès;0
10;12;Paoni;Décès de saint Juste le 6ème patriarche de la prédication de saint Marc;Décès;0
10;12;Paoni;Décès de saint Cyrille II le 67ème patriarche de la prédication de saint Marc;Décès;0
10;13;Paoni;Commémoration de l’archange Gabriel qui porta l’annonce;Commémoration;0
10;13;Paoni;Décès de saint Jean, l’évêque de Jérusalem;Décès;0
10;14;Paoni;Martyre des saints abba Kir, Philippe, Jean et Ptolémée;Martyre;1
10;14;Paoni;Décès du pape Jean XIX, 113ème patriarche de la prédication de saint Marc;Décès;0
10;15;Paoni;Consécration de l'église de saint Ménas à Mariout;Consécration;0
10;15;Paoni;Accueil des reliques de saint Marc;Accueil;0
10;16;Paoni;Décès de saint Onuphre ou Abou-Nofr, l’anachorète;Décès;0
10;17;Paoni;Décès de saint Latsoun de Bahnassa;Décès;0
10;17;Paoni;Retour des reliques de saint Marc en Egypte;Retour;0
10;18;Paoni;Décès du pape Damien 35ème patriarche de la prédication de saint Marc;Décès;0
10;18;Paoni;Inauguration de la nouvelle cathédrale saint Marc sur le terrain du monastère saint Freige (anba Rouwés);Inauguration;0
10;19;Paoni;Martyre de saint Georges al-Mouzahim;Martyre;1
10;19;Paoni;Décès de saint Pichaï Anoub;Décès;0
10;19;Paoni;Décès du pape Achille, le 18ème patriarche de la prédication de saint Marc;Décès;0
10;19;Paoni;Dépose des reliques de l’apôtre saint Marc dans le sanctuaire prévu à cet effet au monastère de saint Freige;Dépose;0
10;20;Paoni;Décès du saint prophète Elisée;Décès;0
10;20;Paoni;Consécration de l’église de saint Kloug le prêtre;Consécration;0
10;21;Paoni;Commémoration de l'édification de la première église dédiée à la Vierge Marie dans la ville de Philippes;Commémoration;0
10;21;Paoni;Martyre de saint Timothée, l'égyptien;Martyre;1
10;21;Paoni;Commémoration du miracle de la libération de Mathias à Bartas par l’intercession de la sainte Vierge Marie;Commémoration;0
10;21;Paoni;Décès du pape Kerdon, le 4ème pape d'Alexandrie;Décès;0
10;22;Paoni;Consécration de l'église de saint Côme et saint Damien, de leurs frères et de leur mère;Consécration;0
10;23;Paoni;Décès de saint abba Noub le confesseur;Décès;0
10;24;Paoni;Martyre du grand saint Moïse le noir;Martyre;1
10;24;Paoni;Décès de saint Isidore, le prêtre de Scété;Décès;0
10;25;Paoni;Décès du pape Pierre IV, le 34ème patriarche de la prédication de saint Marc;Décès;0
10;26;Paoni;Consécration de l’église de l’archange Gabriel au mont el-Nakloun à Fayoum;Consécration;0
10;27;Paoni;Martyre de saint Ananie, le disciple;Martyre;1
10;27;Paoni;Martyre de saint Thomas de Chânedalâte;Martyre;1
10;27;Paoni;Décès de saint Jean fils d’al-Abah;Décès;0
10;28;Paoni;Décès du pape Théodose, le 33ème patriarche de la prédication de saint Marc;Décès;0
10;28;Paoni;Consécration de l’église d’abba Sarabamôn, l’évêque de Nikiou;Consécration;0
10;29;Paoni;Martyre des sept ermites du mont Tounah;Martyre;1
10;29;Paoni;Martyre de saint abba Hour et de sa mère Théodora;Martyre;1
10;29;Paoni;Commémoration de l’Annonciation, la Nativité et la Résurrection;Commémoration;0
10;30;Paoni;Naissance de saint Jean le baptiste;Naissance;0
10;30;Paoni;Décès du pape Côme 1er, le 44ème patriarche de la prédication de saint Marc;Décès;0
11;1;Habib;Martyre de sainte Fébronia, l’ascète;Martyre;1
11;1;Habib;Décès des saints Bioukha et Tayâban les prêtres;Décès;0
11;1;Habib;Consécration de l’église de saint Ménas au mont Abnoub;Consécration;0
11;2;Habib;Décès de l'apôtre saint Jude (Lebbaeus surnommé Thaddée);Décès;0
11;3;Habib;Décès du pape saint Cyrille 1er, le 24ème patriarche de la prédication de saint Marc;Décès;0
11;3;Habib;Décès de saint Célestin, le pape de Rome;Décès;0
11;4;Habib;Translation des reliques de saint Cyr et saint Jean;Translation;0
11;5;Habib;Martyre de saint Pierre et saint Paul;Martyre;1
11;5;Habib;Martyre de saint Marc, le gouverneur d’al-Borollos, le père de sainte Damiana;Martyre;1
11;6;Habib;Martyre de saint Olympas, le disciple;Martyre;1
11;6;Habib;Martyre de sainte Théodosie et de ses compagnons;Martyre;1
11;7;Habib;Décès d’Abba Chénouda, l’archimandrite;Décès;0
11;8;Habib;Martyre de saint Pirô’ouh et saint Athom;Martyre;1
11;8;Habib;Martyre de saint Plana, le prêtre;Martyre;1
11;8;Habib;Martyre de saint Pimanôn;Martyre;1
11;8;Habib;Décès de saint Pichoï;Décès;0
11;8;Habib;Décès de saint Karas frère du roi Théodose;Décès;0
11;8;Habib;Décès de saint Marc al-Antouni;Décès;0
11;9;Habib;Martyre de Simon fils d’Alphée, l’évêque de Jérusalem;Martyre;1
11;9;Habib;Décès du pape Céladion le 9ème patriarche de la prédication de saint Marc;Décès;0
11;10;Habib;Martyre de saint Théodore, évêque de la Pentapole occidentale;Martyre;1
11;10;Habib;Martyre de saint Théodore, évêque de Corinthe ainsi que ses compagnons;Martyre;1
11;11;Habib;Martyre de saint Jean et de son cousin Siméon;Martyre;1
11;11;Habib;Décès de saint Isaïe de Scété;Décès;0
11;12;Habib;Martyre de saint abba Hour El-Siriakousy;Martyre;1
11;12;Habib;Commémoration de l'archange Michel;Commémoration;0
11;12;Habib;Décès de saint Sisoès le grand;Décès;0
11;13;Habib;Martyre de saint Abamôn de Toukh;Martyre;1
11;13;Habib;Martyre de saint Chénouté, au début de l'époque arabe;Martyre;1
11;13;Habib;Décès de saint Pisentius, l’évêque de Qift (Coptos);Décès;0
11;14;Habib;Martyre de saint Procope;Martyre;1
11;14;Habib;Décès du pape Pierre V, le 83ème patriarche de la prédication de saint Marc;Décès;0
11;15;Habib;Martyre de saint Cyr et sainte Julitte;Martyre;1
11;15;Habib;Martyre de saint Horesius de Soul;Martyre;1
11;15;Habib;Décès de saint Ephrem le syriaque;Décès;0
11;16;Habib;Décès de saint Jean, le détenteur de l'Evangile en or;Décès;0
11;16;Habib;Arrivée de la dépouille du grand martyr saint Georges de Cappadoce à son église du vieux Caire;Arrivée;0
11;16;Habib;Consécration de l’église de saint Philotée;Consécration;0
11;17;Habib;Martyre de sainte Euphémie;Martyre;1
11;17;Habib;Martyre de sainte Téklé et sainte Marthe d’Esna;Martyre;1
11;18;Habib;Martyre de l’apôtre saint Jacques, le frère du Seigneur;Martyre;1
11;19;Habib;Martyre de saint Badaba, évêque de Coptos ainsi qu'abba André et abba Christodule;Martyre;1
11;19;Habib;Martyre de saint Pantaléon, le médecin;Martyre;1
11;19;Habib;Commémoration des martyrs de la tuerie d’Esna;Commémoration;0
11;19;Habib;Décès d'abba Jean X, le 85ème patriarche d'Alexandrie;Décès;0
11;20;Habib;Martyre de saint Théodore de Choteb;Martyre;1
11;21;Habib;Commémoration de la sainte Vierge Marie;Commémoration;0
11;21;Habib;Décès de saint Sisinnios (Sosenius), l’eunuque;Décès;0
11;22;Habib;Martyre de saint Macaire, le fils du ministre Basile;Martyre;1
11;22;Habib;Martyre de saint Léonce;Martyre;1
11;23;Habib;Martyre de saint Longin, le centurion;Martyre;1
11;23;Habib;Martyre de sainte Marina;Martyre;1
11;24;Habib;Martyre de saint abba Noub de Nahissa;Martyre;1
11;24;Habib;Décès du pape Simon 1er, le 42ème patriarche de la prédication de saint Marc;Décès;0
11;25;Habib;Martyre de saint abba Isaac;Martyre;1
11;25;Habib;Martyre de sainte Hilarie;Martyre;1
11;25;Habib;Martyre de sainte Thècle et sainte Mouji;Martyre;1
11;25;Habib;Martyre de saint Antoine de Béba;Martyre;1
11;25;Habib;Martyre de Saint Aba Kragon;Martyre;1
11;25;Habib;Martyre de saint Domitien le syrien;Martyre;1
11;25;Habib;Consécration de l’église de saint Mercure, le détenteur des deux épées;Consécration;0
11;25;Habib;Décès de saint Plamôn;Décès;0
11;26;Habib;Décès de saint Joseph, le juste, le fiancé de la sainte Vierge Marie;Décès;0
11;26;Habib;Décès de saint Timothée, le 22ème patriarche de la prédication de saint Marc;Décès;0
11;27;Habib;Martyre de saint Apamôn;Martyre;1
11;27;Habib;Consécration de l'église de saint Abba Fâm;Consécration;0
11;28;Habib;Décès de sainte Marie de Magdala;Décès;0
11;29;Habib;Martyre de saint Warchenoufa;Martyre;1
11;29;Habib;Commémoration de l’Annonciation, la Nativité et la Résurrection;Commémoration;0
11;29;Habib;Transfert des reliques de l'apôtre saint André;Transfert;0
11;30;Habib;Martyre des saints Mercure et Ephrem;Martyre;1
12;1;Misra;Martyre de saint Apali fils de Juste;Martyre;1
12;1;Misra;Décès du pape Cyrille V le 112ème patriarche de la prédication de saint Marc;Décès;0
12;2;Misra;Décès de sainte Païssa;Décès;0
12;3;Misra;Translation à Constantinople des reliques de saint Siméon le stylite;Translation;0
12;3;Misra;Décès du pape Prime, le 5ème patriarche de la prédication de saint Marc;Décès;0
12;4;Misra;Décès du roi Ezéchias, le juste;Décès;0
12;4;Misra;Consécration de l’église de saint Antoine le grand;Consécration;0
12;5;Misra;Décès de saint Jean le soldat;Décès;0
12;6;Misra;Martyre de sainte Julitte, la combattante;Martyre;1
12;6;Misra;Décès de saint Jacques Baradée;Décès;0
12;6;Misra;Décès d’abba Wissa, le disciple de saint Chénouté, l’archimandrite;Décès;0
12;7;Misra;Annonce de la naissance de la sainte Vierge à saint Joachim;Annonce;0
12;7;Misra;Décès de saint Timothée II, 26ème Patriarche de la prédication de saint Marc;Décès;0
12;7;Misra;Décès de saint Pasentaos, l’ermite, sur le mont el-Tod;Décès;0
12;8;Misra;Martyre d’Eléazar, de son épouse Salomé et de leurs enfants;Martyre;1
12;9;Misra;Martyre de saint Ari, prêtre de Chetnouf;Martyre;1
12;10;Misra;Martyre de saint Pikhebs;Martyre;1
12;10;Misra;Martyre de saint Matra;Martyre;1
12;11;Misra;Décès de saint Moïse évêque d’Oussim;Décès;0
12;12;Misra;Commémoration de l’archange Michel;Commémoration;0
12;12;Misra;Intronisation de l’empereur Constantin;Intronisation;0
12;13;Misra;Transfiguration de notre Seigneur Jésus Christ sur le mont Thabor;Transfiguration;0
12;14;Misra;Commémoration du grand miracle que Dieu a fait à l’époque du pape Théophile le 23ème patriarche;Commémoration;0
12;15;Misra;Décès de sainte Marina, la moniale;Décès;0
12;16;Misra;Proclamation de l’assomption du corps de la très sainte vierge Marie;Proclamation;0
12;16;Misra;Décès du pape Matthieu IV le 102ème patriarche de la prédication de saint Marc;Décès;0
12;17;Misra;Martyre de saint Jacques, le soldat;Martyre;1
12;18;Misra;Martyre de saint Eudamon d’Hermonthis ;Martyre;1
12;18;Misra;Décès de saint Alexandre, le patriarche de Constantinople;Décès;0
12;19;Misra;Rapatriement des reliques de saint Macaire à son monastère de Scété;Rapatriement;0
12;20;Misra;Martyre des 7 jeunes à Ephèse;Martyre;1
12;21;Misra;Commémoration de la mère de Dieu, la sainte vierge Marie;Commémoration;0
12;21;Misra;Décès de sainte Irène;Décès;0
12;22;Misra;Décès du prophète Michée;Décès;0
12;22;Misra;Décès de saint Augustin;Décès;0
12;23;Misra;Martyre de trente mille chrétiens à Alexandrie;Martyre;1
12;23;Misra;Martyre de saint Damien à Antioche;Martyre;1
12;24;Misra;Décès de saint Takla-Haymanot, l’éthiopien;Décès;0
12;24;Misra;Décès de saint Thomas, évêque de Mar’ach;Décès;0
12;25;Misra;Décès de Saint Bessarion le grand;Décès;0
12;25;Misra;Décès du pape Macaire III, le 114ème patriarche de la prédication de saint Marc;Décès;0
12;26;Misra;Martyre de saint Moïse et sa sœur Sara;Martyre;1
12;26;Misra;Martyre de saint Agapius, le soldat, et sa sœur Thécla;Martyre;1
12;27;Misra;Martyre de saint Benjamin et de sa sœur sainte Eudoxie;Martyre;1
12;27;Misra;Martyre de sainte Marie l'arménienne;Martyre;1
12;28;Misra;Commémoration des patriarches Abraham, Isaac et Jacob;Commémoration;0
12;29;Misra;Martyre de saint Athanase, l’évêque ainsi que ses deux disciples Gerassimôs et Theodotus;Martyre;1
12;29;Misra;Commémoration de l’Annonciation, la Nativité et la Résurrection;Commémoration;0
12;29;Misra;Translation des reliques de saint Jean Colobos au désert de Scété;Translation;0
12;30;Misra;Décès du prophète Malachie;Décès;0
13;1;Nisa;Martyre de saint Pishaï d'Antioche, le frère de saint abba Hour;Martyre;1
13;1;Nisa;Décès de saint Eutyque;Décès;0
13;2;Nisa;Décès de Saint Tite, le disciple;Décès;0
13;3;Nisa;Commémoration de l’archange Raphaël;Commémoration;0
13;3;Nisa;Martyre de saint Adrien et ses compagnons;Martyre;1
13;3;Nisa;Décès du pape Jean XIV, le 96ème patriarche de la prédication de saint Marc;Décès;0
13;4;Nisa;Décès d’Abba Pœmen, l’ermite;Décès;0
13;5;Nisa;Décès du prophète Amos;Décès;0
13;5;Nisa;Décès de saint Jacques – évêque du Caire;Décès;0
13;5;Nisa;Décès du pape Jean XV, le 99ème patriarche de la prédication de saint Marc;Décès;0
13;5;Nisa;Décès de saint Barsouma el-Iryân (le nu);Décès;0
13;6;Nisa;Action de Grâce;Action;0