copt_code_date,coptic_date,synaxaire,month_name,month_number,day_number,synaxaire_category,is_martyre
11,1 Tout,Fête du Nayrouz (Début de la Sainte Année Copte),Tout,1,1,Fête,1
11,1 Tout,Martyre de Saint Barthélemy l'Apôtre,Tout,1,1,Martyre,1
11,1 Tout,Départ de Saint Milius,Tout,1,1,Départ,0
12,2 Tout,Martyre de Saint Jean le Baptiste,Tout,1,2,Martyre,1
12,2 Tout,Martyre de Saint Daysa le Soldat,Tout,1,2,Martyre,1
13,3 Tout,Le Saint Concile d'Alexandrie,Tout,1,3,Le,0
13,3 Tout,Le grand tremblement de terre,Tout,1,3,Le,0
14,4 Tout,Commémoration de Josué fils de Noun et Décès de sainte Véréna,Tout,1,4,Commemoration,0
14,4 Tout,Départ du Pape Saint Macaire II ,Tout,1,4,Départ,0
15,5 Tout,Martyre de Sainte Sophie,Tout,1,5,Martyre,1
16,6 Tout,Martyre de Sainte Basilissa,Tout,1,6,Martyre,1
16,6 Tout,Départ d'Isaïe le Prophète,Tout,1,6,Départ,0
17,7 Tout,"Martyre des Saints Agathe, Pierre, Jean, Amoun, Amouna et leur mère Rebecca",Tout,1,7,Martyre,1
17,7 Tout,Départ de Saint Dioscore,Tout,1,7,Départ,0
17,7 Tout,Décès de Saint Sévère de Gabala,Tout,1,7,Décès,0
18,8 Tout,Décès de Moïse le Prophète,Tout,1,8,Décès,0
18,8 Tout,Martyre de Zacharie le Prophète,Tout,1,8,Martyre,1
18,8 Tout,Martyre de Saint Diomède,Tout,1,8,Martyre,1
19,9 Tout,Martyre de Saint Pissora l'Evêque,Tout,1,9,Martyre,1
110,10 Tout,Martyre de Sainte Matrone,Tout,1,10,Martyre,1
110,10 Tout,Commémoration de Saint Basin et ses enfants,Tout,1,10,Commémoration,0
111,11 Tout,Martyre de saint Basilides,Tout,1,11,Martyre,1
112,12 Tout,"Réunion du troisième concile œcuménique à Ephèse pour juger Nestorius, le patriarche de Constantinople",Tout,1,12,Réunion,0
112,12 Tout,Transfert des reliques de saint Clémus et de ses compagnons,Tout,1,12,Transfert,0
113,13 Tout,"Décès du Pape Mathias II, 90ème Patriarche d’Alexandrie",Tout,1,13,Décès,0
113,13 Tout,"Commémoration du miracle accomplie par Saint Basile, Evêque de Césarée en Cappadoce",Tout,1,13,Commémoration,0
114,14 Tout,Décès de Saint Agathon le Stylite,Tout,1,14,Décès,0
115,15 Tout,Déportation de la dépouille de Saint Stéphane (Etienne) l’archidiacre,Tout,1,15,Déportation,0
116,16 Tout,Commémoration de la consécration du Sanctuaire de l’église de la Résurrection à Jérusalem,Tout,1,16,Commémoration,0
116,16 Tout,Transfert des reliques de St Jean Chrysostome,Tout,1,16,Transfert,0
117,17 Tout,Célébration de la consécration de l’église de l’honorable croix,Tout,1,17,Célébration,0
117,17 Tout,Disparition de Sainte Theognosta,Tout,1,17,Disparition,0
118,18 Tout,Martyre de Saint Porphyrius,Tout,1,18,Martyre,1
118,18 Tout,Décès de Saint Stéphane le prêtre et martyre de Nicée,Tout,1,18,Décès,0
119,19 Tout,Départ de Saint Gégoire l'Arménien,Tout,1,19,Départ,0
120,20 Tout,Martyre de Sainte Melitina la vierge,Tout,1,20,Martyre,1
120,20 Tout,Départ du Pape Athanase II,Tout,1,20,Départ,0
120,20 Tout,Départ de Sainte Theopista,Tout,1,20,Départ,0
121,21 Tout,Martyre de Saint Cyprien et Sainte Justine,Tout,1,21,Martyre,1
121,21 Tout,Commémoration de la Sainte Vierge,Tout,1,21,Commémoration,0
122,22 Tout,"Martyre des saints Cotylas, Axoua et Tatas",Tout,1,22,Martyre,1
122,22 Tout,Martyre de Saint Jules d’Aqfahs,Tout,1,22,Martyre,1
123,23 Tout,Martyre des saints Eunopios et André,Tout,1,23,Martyre,1
123,23 Tout,Martyre de Saint Takla,Tout,1,23,Martyre,1
123,23 Tout,Réouverture de l'église de la Vierge Marie,Tout,1,23,Réouverture,0
124,24 Tout,Départ de Saint Grégoire l'ascète,Tout,1,24,Départ,0
125,25 Tout,Commémoration du prophète Jonas,Tout,1,25,Commémoration,0
126,26 Tout,L’annonce faite par l’ange à Zacharie concernant la naissance de Jean le Baptiste,Tout,1,26,L’annonce,0
127,27 Tout,Martyre de Saint Eustache et de ses deux fils,Tout,1,27,Martyre,1
128,28 Tout,Martyre des saints Abadir et Iraï sa sœur,Tout,1,28,Martyre,1
129,29 Tout,Martyre de Sainte Arbsima la Vierge et de ses sœurs les Vierges,Tout,1,29,Martyre,1
130,30 Tout,Commémoration du miracle opéré par Dieu en faveur de Saint Athanase l'Apostolique,Tout,1,30,Commémoration,0
21,1 Babah,Martyre de Sainte Anastasia,Babah,2,1,Martyre,1
22,2 Babah,"Arrivée de Saint Sévère, patriarche d’Antioche, en Egypte",Babah,2,2,Arrivée,0
23,3 Babah,Martyre de Saint Jean le soldat,Babah,2,3,Martyre,1
23,3 Babah,"Décès de saint Saint Simon II, 51ème Pape siégeant sur le trône de Saint Marc",Babah,2,3,Décès,0
24,4 Babah,Martyre de Saint Bacchus,Babah,2,4,Martyre,1
25,5 Babah,Martyre de Saint Paul de Constantinople,Babah,2,5,Martyre,1
26,6 Babah,"Départ de la pieuse Anne, prophétesse et mère du prophète Samuel",Babah,2,6,Départ,0
27,7 Babah,Départ de Saint Paul de Tamouh,Babah,2,7,Départ,0
28,8 Babah,Martyre de saint Matra,Babah,2,8,Martyre,1
28,8 Babah,Martyre d’abba Hour et de Tossiya et ses enfants ainsi qu’abba Aghathon l’ermite,Babah,2,8,Martyre,1
29,9 Babah,"Décès de saint Euménius, le septième pape de la prédication de saint Marc",Babah,2,9,Décès,0
29,9 Babah,Eclipse du soleil en 978 des martyrs,Babah,2,9,Eclipse,0
29,9 Babah,Commémoration de l'évêque Siméon,Babah,2,9,Commémoration,0
210,10 Babah,"Martyre de saint Serges, le compagnon de saint Bacchus",Babah,2,10,Martyre,1
211,11 Babah,"Décès de saint Jacques, patriarche d’Antioche ",Babah,2,11,Décès,0
211,11 Babah,Décès de sainte Pélagie,Babah,2,11,Décès,0
212,12 Babah,Martyre de saint Matthieu l'évangéliste,Babah,2,12,Martyre,1
212,12 Babah,Décès de saint Dimitri 1er le 12ème pape d'Alexandrie,Babah,2,12,Décès,0
212,12 Babah,Commémoration de l'archange Michel,Babah,2,12,Commémoration,0
213,13 Babah,"Décès de saint Zacharie, le moine",Babah,2,13,Décès,0
214,14 Babah,"Départ de Saint Philippe, l’un des sept diacres",Babah,2,14,Départ,0
215,15 Babah,"Martyre de saint Panteleimon, le médecin",Babah,2,15,Martyre,1
216,16 Babah,"Départ de saint Agathon, le trente neuvième pape d'Alexandrie",Babah,2,16,Départ,0
216,16 Babah,"Commémoration des saints Carpus, Apollos et Pierre",Babah,2,16,Commémoration,0
217,17 Babah,"Départ de saint Dioscore II, le 31ème pape d’Alexandrie",Babah,2,17,Départ,0
218,18 Babah,Départ de saint Théophile le 23ème pape d'Alexandrie,Babah,2,18,Départ,0
219,19 Babah,Martyre à Fayoum de saint Théophile et de sa femme,Babah,2,19,Martyre,1
219,19 Babah,Tenue du concile d’Antioche contre Paul de Samosate,Babah,2,19,Tenue,0
220,20 Babah,Départ de saint Jean Colobos,Babah,2,20,Départ,0
221,21 Babah,Commémoration de la mère de Dieu,Babah,2,21,Commémoration,0
221,21 Babah,Commémoration de la Translation des reliques de Lazare,Babah,2,21,Commémoration,0
221,21 Babah,Décès du prophète Joël,Babah,2,21,Décès,0
221,21 Babah,Décès de saint Freige,Babah,2,21,Décès,0
222,22 Babah,Martyre de Saint Luc l'évangéliste,Babah,2,22,Martyre,1
223,23 Babah,"Martyre de saint Denys, évêque de Corinthe",Babah,2,23,Martyre,1
223,23 Babah,"Décès de saint Joseph, le cinquante deuxième pape d'Alexandrie",Babah,2,23,Décès,0
224,24 Babah,"Martyre de saint Paul, Longin et Zéna",Babah,2,24,Martyre,1
224,24 Babah,Décès de saint Hilarion,Babah,2,24,Décès,0
225,25 Babah,Décès de saint Apollo et saint Abib,Babah,2,25,Décès,0
225,25 Babah,Consécration de l’église de Saint Julius El Akfahsi,Babah,2,25,Consécration,0
226,26 Babah,"Martyre de saint Timon, le disciple",Babah,2,26,Martyre,1
226,26 Babah,Commémoration des sept martyrs de la montagne de saint Antoine,Babah,2,26,Commémoration,0
227,27 Babah,"Martyre de saint Macaire, évêque d’Edkou",Babah,2,27,Martyre,1
228,28 Babah,Martyre des saints Marcien et Mercure,Babah,2,28,Martyre,1
229,29 Babah,Martyre de saint Dimitri de Thessalonique,Babah,2,29,Martyre,1
230,30 Babah,"Consécration de l'église de saint Marc, l'évangéliste et apparition de sa tête sacrée",Babah,2,30,Consécration,0
230,30 Babah,Décès de saint Abraham l'hermite,Babah,2,30,Décès,0
31,1 Hatour,"Martyre des saints Maxime, Numitius, Victor et Philippe",Hatour,3,1,Martyre,1
31,1 Hatour,Commémoration de saint Cléopas et son compagnon,Hatour,3,1,Commémoration,0
32,2 Hatour,"Décès de saint Pierre III, le vingt septième pape d’Alexandrie",Hatour,3,2,Décès,0
33,3 Hatour,Décès de saint Cyriaque,Hatour,3,3,Décès,0
33,3 Hatour,Décès de saint Athanase et sa sœur Irène,Hatour,3,3,Décès,0
34,4 Hatour,"Martyre des saints Jean et Jacques, les évêques de Perse",Hatour,3,4,Martyre,1
34,4 Hatour,Martyre des saints Epimaque et Gordien,Hatour,3,4,Martyre,1
35,5 Hatour,Martyre de saint Timothée et transfert des reliques de saint Théodore à Chatab,Hatour,3,5,Martyre,1
35,5 Hatour,"Apparition de la tête de saint Longin, le soldat",Hatour,3,5,Apparition,0
36,6 Hatour,"Décès de saint Félix, pape de Rome",Hatour,3,6,Décès,0
36,6 Hatour,"Consécration de l'église de la sainte Vierge au monastère al Moharrak, au mont Kosquâm",Hatour,3,6,Consécration,0
37,7 Hatour,Martyre de saint Georges d'Alexandrie,Hatour,3,7,Martyre,1
37,7 Hatour,Martyre de saint Nehroua,Hatour,3,7,Martyre,1
37,7 Hatour,"Décès de saint Menas, l'évêque de Thmouï",Hatour,3,7,Décès,0
37,7 Hatour,Consécration de l'église de saint Georges de Cappadoce,Hatour,3,7,Consécration,0
38,8 Hatour,Commémoration des quatre vivants incorporels,Hatour,3,8,Commémoration,0
39,9 Hatour,"Décès d’abba Isaac, le quarante et unième pape d’Alexandrie",Hatour,3,9,Décès,0
39,9 Hatour,Tenue du concile de Nicée,Hatour,3,9,Tenue,0
310,10 Hatour,Martyre des 50 vierges et de leur mère spirituelle,Hatour,3,10,Martyre,1
310,10 Hatour,Réunion d’un concile à Rome au sujet de la fête de l’Epiphanie et du carême,Hatour,3,10,Réunion,0
311,11 Hatour,Décès de sainte Anne,Hatour,3,11,Décès,0
311,11 Hatour,"Commémoration du martyre de saint Archélaüs et de saint Elysée, l’higoumène",Hatour,3,11,Commémoration,0
312,12 Hatour,Commémoration de l’archange Michel,Hatour,3,12,Commémoration,0
313,13 Hatour,"Décès de saint Timothée, évêque d’Antinoë",Hatour,3,13,Décès,0
313,13 Hatour,"Décès de saint Zacharie, 64ème pape d’Alexandrie",Hatour,3,13,Décès,0
314,14 Hatour,"Décès de saint Martin, évêque de Tours",Hatour,3,14,Décès,0
315,15 Hatour,Martyre de saint Ménas,Hatour,3,15,Martyre,1
316,16 Hatour,"Martyre de saint Juste, l’évêque",Hatour,3,16,Martyre,1
316,16 Hatour,Commencement du jeûne de l’avent,Hatour,3,16,Commencement,0
316,16 Hatour,Consécration de l’église de saint Onuphre,Hatour,3,16,Consécration,0
317,17 Hatour,Décès de saint Jean Chrysostome,Hatour,3,17,Décès,0
318,18 Hatour,Martyre des saintes Atrasis et Yoana,Hatour,3,18,Martyre,1
318,18 Hatour,"Martyre de saint Philippe, l’apôtre",Hatour,3,18,Martyre,1
319,19 Hatour,Consécration de l’église de saint Serge et saint Baccus,Hatour,3,19,Consécration,0
319,19 Hatour,Commémoration de la prédication de l’apôtre saint Barthélémy,Hatour,3,19,Commémoration,0
320,20 Hatour,"Décès de saint Anien, le second pape d’Alexandrie",Hatour,3,20,Décès,0
320,20 Hatour,"Consécration de l’église des deux saints le prince Théodore, fils de Jean al Chatby et du prince Théodore al Michriki",Hatour,3,20,Consécration,0
321,21 Hatour,"Commémoration de sainte vierge Marie, la mère de Dieu",Hatour,3,21,Commémoration,0
321,21 Hatour,Décès de saint Grégoire le Thaumaturge,Hatour,3,21,Décès,0
321,21 Hatour,"Décès de saint Côme, le cinquante quatrième pape d'Alexandrie",Hatour,3,21,Décès,0
321,21 Hatour,"Commémoration des saints Alphée, Zachée, Romain et Jean ainsi que des saints Thomas, Victor et Isaac d'al Achmounein",Hatour,3,21,Commémoration,0
322,22 Hatour,"Martyre de saint Côme et saint Damien, de leurs frères et de leur mère",Hatour,3,22,Martyre,1
323,23 Hatour,"Décès de saint Corneille, le centurion",Hatour,3,23,Décès,0
323,23 Hatour,Consécration de l’église de sainte Marina,Hatour,3,23,Consécration,0
324,24 Hatour,Commémoration des vingt quatre prêtres,Hatour,3,24,Commémoration,0
325,25 Hatour,Martyre de saint Mercure,Hatour,3,25,Martyre,1
326,26 Hatour,Martyre de saint Valérien et saint Tiburce son frère,Hatour,3,26,Martyre,1
326,26 Hatour,"Commémoration de saint Grégoire, évêque de Nysse",Hatour,3,26,Commémoration,0
327,27 Hatour,Martyre de saint Jacques l’intercis,Hatour,3,27,Martyre,1
328,28 Hatour,"Martyre de saint Sarabamôn, évêque de Nikiou",Hatour,3,28,Martyre,1
329,29 Hatour,"Martyre de saint Pierre, le sceau des martyrs",Hatour,3,29,Martyre,1
329,29 Hatour,"Martyre de saint Clément, le pape de Rome",Hatour,3,29,Martyre,1
330,30 Hatour,Martyre de saint Macaire,Hatour,3,30,Martyre,1
330,30 Hatour,"Décès de saint Acace, patriarche de Constantinople",Hatour,3,30,Décès,0
330,30 Hatour,"Consécration de l’église de saint Côme et saint Damien, de leurs frères et de leur mère",Hatour,3,30,Consécration,0
41,1 Kiahk,"Décès de saint Jean III, le 40ème patriarche de la prédication de saint Marc",Kiahk,4,1,Décès,0
41,1 Kiahk,"Décès de saint Athanase III, le 76ème patriarche de la prédication de saint Marc",Kiahk,4,1,Décès,0
41,1 Kiahk,"Décès de saint Pierre d'Edesse, évêque de Ghazza",Kiahk,4,1,Décès,0
41,1 Kiahk,"Consécration de l'église du martyr Epipham, le soldat, à Abnoub",Kiahk,4,1,Consécration,0
41,1 Kiahk,"Consécration de l’église de saint Chénouté, l’archimandrite",Kiahk,4,1,Consécration,0
42,2 Kiahk,"Décès de saint Abba Hour, le moine",Kiahk,4,2,Décès,0
42,2 Kiahk,"Décès de saint Hormina, l’anachorète",Kiahk,4,2,Décès,0
43,3 Kiahk,Martyre de saint Bastavrôs le nouveau,Kiahk,4,3,Martyre,1
43,3 Kiahk,Entrée de la sainte Vierge Marie au temple de Jérusalem,Kiahk,4,3,Entrée,0
44,4 Kiahk,Martyre de saint André l’apôtre le frère de saint Pierre,Kiahk,4,4,Martyre,1
44,4 Kiahk,Consécration de l’église de saint Jean d’Héraclée à Om el Kossour à Manfalout,Kiahk,4,4,Consécration,0
44,4 Kiahk,Commémoration des reliques des deux saints  abba Pichoï et abba Paul,Kiahk,4,4,Commémoration,0
45,5 Kiahk,Martyre de saint Victor d’Assiout,Kiahk,4,5,Martyre,1
45,5 Kiahk,Martyre de saint Isidore,Kiahk,4,5,Martyre,1
45,5 Kiahk,Décès du saint prophète Nahoum,Kiahk,4,5,Décès,0
46,6 Kiahk,"Martyre de saint Patlasse, le prêtre",Kiahk,4,6,Martyre,1
46,6 Kiahk,"Décès de saint Abraham ibn Zara’a, le 62ème pape de la prédication de saint Marc",Kiahk,4,6,Décès,0
47,7 Kiahk,Martyre de saint Bâninâ et saint Nàou,Kiahk,4,7,Martyre,1
47,7 Kiahk,Martyre de l’éminent architecte copte Saïd ibn Kâteb al Farghani,Kiahk,4,7,Martyre,1
47,7 Kiahk,Décès de saint Matthieu al,Kiahk,4,7,Décès,0
47,7 Kiahk,Fakhouri au mont Asfoun dans la région d’Esna,Kiahk,4,7,Fakhouri,0
47,7 Kiahk,Consécration de l’église de saint abba Éschyrône de Qualline,Kiahk,4,7,Consécration,0
47,7 Kiahk,"Décès de saint Jean, évêque d’Armânt",Kiahk,4,7,Décès,0
48,8 Kiahk,Martyre de saint Aissé et de sa sœur sainte Thècle,Kiahk,4,8,Martyre,1
48,8 Kiahk,Martyre des saintes Barbara et Julienne,Kiahk,4,8,Martyre,1
48,8 Kiahk,Décès de saint Samuel le confesseur,Kiahk,4,8,Décès,0
48,8 Kiahk,"Décès de saint Hiéraclas, 13ème patriarche de la prédication de saint Marc",Kiahk,4,8,Décès,0
49,9 Kiahk,"Décès de saint Pœmen, le confesseur",Kiahk,4,9,Décès,0
410,10 Kiahk,Martyre de saint Choura d’Akhmîm,Kiahk,4,10,Martyre,1
410,10 Kiahk,"Décès de saint Nicolas, évêque de Myre",Kiahk,4,10,Décès,0
410,10 Kiahk,"Transfert des reliques de saint Sévère, patriarche d’Antioche",Kiahk,4,10,Transfert,0
411,11 Kiahk,Martyre de saint Ptolémée de Tentyris,Kiahk,4,11,Martyre,1
411,11 Kiahk,"Décès de saint Pijimi, l’anachorète",Kiahk,4,11,Décès,0
411,11 Kiahk,Consécration de l’église de saint Claude à Bakour Abou Tig,Kiahk,4,11,Consécration,0
412,12 Kiahk,Commémoration de l'archange Michel,Kiahk,4,12,Commémoration,0
412,12 Kiahk,Décès de saint Hadra d'Assouan,Kiahk,4,12,Décès,0
412,12 Kiahk,Commémoration de saint Jean le confesseur,Kiahk,4,12,Commémoration,0
412,12 Kiahk,Tenue d'un concile à Rome pour juger le prêtre Novatien,Kiahk,4,12,Tenue,0
413,13 Kiahk,Martyre de saint Barsanuphius,Kiahk,4,13,Martyre,1
413,13 Kiahk,Consécration de l’église de l’archange Raphaël à Constantinople,Kiahk,4,13,Consécration,0
413,13 Kiahk,"Décès du pape Marc VIII, le 108ème patriarche de la prédication de saint Marc",Kiahk,4,13,Décès,0
413,13 Kiahk,Décès de saint Apraxios,Kiahk,4,13,Décès,0
413,13 Kiahk,"Décès de saint Elie, l’anachorète",Kiahk,4,13,Décès,0
413,13 Kiahk,Consécration de l'église de saint Missaïl l'anachorète,Kiahk,4,13,Consécration,0
414,14 Kiahk,"Martyre de saint Behnâm et sainte Sarah, sa sœur",Kiahk,4,14,Martyre,1
414,14 Kiahk,"Martyre de saint Amonius, évêque d’Esna (Latopolis)",Kiahk,4,14,Martyre,1
414,14 Kiahk,"Martyre des saints Siméon de Ménouf, abba Hour et abba Ménas l’ancien",Kiahk,4,14,Martyre,1
414,14 Kiahk,"Décès du pape Christodule, le 66ème patriarche de la prédication de saint Marc",Kiahk,4,14,Décès,0
414,14 Kiahk,"Décès de saint Christodule, l’anachorète",Kiahk,4,14,Décès,0
415,15 Kiahk,"Décès de saint Grégoire, patriarche des Arméniens",Kiahk,4,15,Décès,0
415,15 Kiahk,Décès de saint Luc le stylite,Kiahk,4,15,Décès,0
415,15 Kiahk,Décès d’abba Ezéchiel d’ Hermonthis,Kiahk,4,15,Décès,0
416,16 Kiahk,"Martyre des saints Harouâdj, Ananias et Khouzi d’Akhmîm",Kiahk,4,16,Martyre,1
416,16 Kiahk,Martyre des saints Euloge et Arsène du monastère el Hadid à Akhmîm,Kiahk,4,16,Martyre,1
416,16 Kiahk,Martyre de saint Emsah de Qift,Kiahk,4,16,Martyre,1
416,16 Kiahk,"Décès de Gédéon le juste, l’un des juges des fils d’Israël",Kiahk,4,16,Décès,0
416,16 Kiahk,"Consécration de l’église de saint Jacques le persan, surnommé l’intercis",Kiahk,4,16,Consécration,0
417,17 Kiahk,Commémoration du transfert des reliques de saint Luc le stylite,Kiahk,4,17,Commémoration,0
417,17 Kiahk,Décès de saint Elie au mont Pichwaw,Kiahk,4,17,Décès,0
418,18 Kiahk,Transfert des reliques de saint Tite à Constantinople,Kiahk,4,18,Transfert,0
418,18 Kiahk,"Commémoration de saint Héraclès, le martyr, et de saint Philémon le prêtre",Kiahk,4,18,Commémoration,0
419,19 Kiahk,"Décès du pape Gabriel VI, le 91ème patriarche de la prédication de saint Marc",Kiahk,4,19,Décès,0
419,19 Kiahk,"Décès de saint Jean, évêque d'al Borollos et compilateur du Synaxaire",Kiahk,4,19,Décès,0
420,20 Kiahk,"Martyre d’abba Elie, l’évêque du monastère al Mouharrak et de Qousiah",Kiahk,4,20,Martyre,1
420,20 Kiahk,Décès du prophète Aggée le juste,Kiahk,4,20,Décès,0
421,21 Kiahk,"Martyre de saint Barnabé, l’un des douze disciples",Kiahk,4,21,Martyre,1
421,21 Kiahk,"Commémoration de la Mère de Dieu, la très sainte Vierge Marie",Kiahk,4,21,Commémoration,0
422,22 Kiahk,Commémoration de l'archange Gabriel,Kiahk,4,22,Commémoration,0
422,22 Kiahk,Martyre de saint Pacôme et de sa sœur sainte Dhalusham,Kiahk,4,22,Martyre,1
422,22 Kiahk,"Décès de saint Anastase, le 36ème patriarche de la prédication de saint Marc",Kiahk,4,22,Décès,0
423,23 Kiahk,"Décès de David, le prophète et le roi",Kiahk,4,23,Décès,0
423,23 Kiahk,"Décès de saint Timothée, l’anachorète",Kiahk,4,23,Décès,0
424,24 Kiahk,"Martyre de saint Ignace le Théophore, l’évêque d’Antioche",Kiahk,4,24,Martyre,1
425,25 Kiahk,"Décès de saint Jean Kamé, le prêtre",Kiahk,4,25,Décès,0
425,25 Kiahk,Décès de saint Pichaï au mont al Tôd,Kiahk,4,25,Décès,0
426,26 Kiahk,Martyre de sainte Anastasie,Kiahk,4,26,Martyre,1
426,26 Kiahk,Consécration de l’église des deux saints : abba Pichaï et abba Pierre,Kiahk,4,26,Consécration,0
427,27 Kiahk,"Martyre de saint Psoté, l'évêque de Psoï",Kiahk,4,27,Martyre,1
428,28 Kiahk,Préparation de la fête de la Nativité de notre Seigneur Jésus Christ,Kiahk,4,28,Préparation,0
428,28 Kiahk,Martyre de cent cinquante hommes et vingt quatre femmes à Antinoë,Kiahk,4,28,Martyre,1
429,29 Kiahk,Glorieuse Nativité de notre Seigneur Jésus Christ,Kiahk,4,29,Glorieuse,0
429,29 Kiahk,Martyre de l’enfant Zacharie et ses compagnons à Akhmîm,Kiahk,4,29,Martyre,1
429,29 Kiahk,Commémoration des martyrs d’Akhmîm,Kiahk,4,29,Commémoration,0
430,30 Kiahk,Adoration de notre Seigneur par les mages,Kiahk,4,30,Adoration,0
430,30 Kiahk,Martyre de saint Michel de Toukh,Kiahk,4,30,Martyre,1
430,30 Kiahk,"Décès de saint Jean, l’higoumène de Scété",Kiahk,4,30,Décès,0
51,1 Toubah,"Martyre de saint Etienne, l’archidiacre",Toubah,5,1,Martyre,1
51,1 Toubah,Martyre de saint Léonce,Toubah,5,1,Martyre,1
51,1 Toubah,Martyre de saint Dioscores et de son frère saint Séclapios,Toubah,5,1,Martyre,1
52,2 Toubah,"Martyre de saint Gallinicus, évêque d’Oussime",Toubah,5,2,Martyre,1
52,2 Toubah,"Décès de saint Théonas, le 16ème patriarche de la prédication de saint Marc",Toubah,5,2,Décès,0
52,2 Toubah,Décès de saint Youna,Toubah,5,2,Décès,0
53,3 Toubah,Commémoration de l’assassinat des enfants de Bethléem,Toubah,5,3,Commémoration,0
54,4 Toubah,Décès de saint Jean l’évangéliste,Toubah,5,4,Décès,0
55,5 Toubah,"Martyre de saint Eugénios, le soldat",Toubah,5,5,Martyre,1
55,5 Toubah,Martyre de saint Bâniqouros,Toubah,5,5,Martyre,1
55,5 Toubah,"Décès du pape Théodose II, le 79ème patriarche de la prédication de saint Marc",Toubah,5,5,Décès,0
55,5 Toubah,"Décès du pape Matthieu 1er, le 87ème patriarche de la prédication de saint Marc",Toubah,5,5,Décès,0
56,6 Toubah,Fête de la circoncision de Notre Seigneur Jésus Christ,Toubah,5,6,Fête,0
56,6 Toubah,Martyre des quatre notables d’Esna,Toubah,5,6,Martyre,1
56,6 Toubah,Commémoration de l’enlèvement du prophète Elie ,Toubah,5,6,Commémoration,0
56,6 Toubah,"Décès du pape Marcien, huitième patriarche de la prédication de saint Marc",Toubah,5,6,Décès,0
56,6 Toubah,"Décès du pape Marc III, 73ème patriarche de la prédication de saint Marc",Toubah,5,6,Décès,0
56,6 Toubah,"Décès du pape Gabriel III, 77ème patriarche de la prédication de saint Marc",Toubah,5,6,Décès,0
56,6 Toubah,"Décès de saint Basile le grand, archevêque de Césarée en Capadoce",Toubah,5,6,Décès,0
56,6 Toubah,Consécration de l’église du martyr Isaac al Dafrawi,Toubah,5,6,Consécration,0
57,7 Toubah,"Décès de saint Sylvestre, le pape de Rome",Toubah,5,7,Décès,0
58,8 Toubah,Restitution de la tête de l’apôtre saint Marc,Toubah,5,8,Restitution,0
58,8 Toubah,"Décès du pape Andronic, le trente septième patriarche de la prédication de saint Marc",Toubah,5,8,Décès,0
58,8 Toubah,"Décès du pape Benjamin 1er, le trente huitième patriarche de la prédication de saint Marc",Toubah,5,8,Décès,0
58,8 Toubah,"Décès du pape Gabriel V, le quatre vingt huitième patriarche de la prédication de saint Marc",Toubah,5,8,Décès,0
58,8 Toubah,Consécration de l’église de saint Macaire le grand,Toubah,5,8,Consécration,0
59,9 Toubah,"Décès de saint Abraham, le compagnon d’abba Gawarguy",Toubah,5,9,Décès,0
59,9 Toubah,Décès d’abba Phîs,Toubah,5,9,Décès,0
510,10 Toubah,Préparation (برمون) de la fête de l'Epiphanie,Toubah,5,10,Préparation,0
510,10 Toubah,"Décès de saint Juste, le disciple d’abba Samuel le confesseur",Toubah,5,10,Décès,0
511,11 Toubah,Fête de la Théophanie,Toubah,5,11,Fête,0
511,11 Toubah,"Décès du pape Jean VI, le 74ème patriarche de la prédication de saint Marc",Toubah,5,11,Décès,0
511,11 Toubah,"Décès du pape Benjamin II, le 82ème patriarche de la prédication de saint Marc",Toubah,5,11,Décès,0
512,12 Toubah,Martyre de saint Théodore l’oriental,Toubah,5,12,Martyre,1
512,12 Toubah,Martyre de saint Anatole,Toubah,5,12,Martyre,1
512,12 Toubah,Lendemain de la fête de la Théophanie,Toubah,5,12,Lendemain,0
512,12 Toubah,Commémoration de l’archange Michel,Toubah,5,12,Commémoration,0
513,13 Toubah,Commémoration de la noce de Cana en Galilée,Toubah,5,13,Commémoration,0
513,13 Toubah,Martyre de sainte Damiana,Toubah,5,13,Martyre,1
513,13 Toubah,Décès de saint Théophile le moine,Toubah,5,13,Décès,0
514,14 Toubah,Martyre de sainte Mohrati,Toubah,5,14,Martyre,1
514,14 Toubah,Décès de saint Archélides,Toubah,5,14,Décès,0
514,14 Toubah,Décès de saint Maxime frère de Dométien,Toubah,5,14,Décès,0
515,15 Toubah,Décès du saint prophète Abdias,Toubah,5,15,Décès,0
516,16 Toubah,Martyre de saint Philothée,Toubah,5,16,Martyre,1
516,16 Toubah,"Décès de saint Jean, le 48ème patriarche de la prédication de saint Marc",Toubah,5,16,Décès,0
517,17 Toubah,"Décès de saint Domitien (Domèce), le frère de saint Maxime",Toubah,5,17,Décès,0
517,17 Toubah,"Décès d'Abba Youssab al abah, évêque de Guérga",Toubah,5,17,Décès,0
518,18 Toubah,"Décès de saint Jacques, l’évêque de Nisibe",Toubah,5,18,Décès,0
518,18 Toubah,"Commémoration de Marie et Marthe, les deux sœurs de Lazare, le bien aimé",Toubah,5,18,Commémoration,0
518,18 Toubah,Décès de saint Andrâs surnommé Abou l lif,Toubah,5,18,Décès,0
519,19 Toubah,"Découverte des reliques de saint abba Hour, saint Pissouri ainsi que sainte Ampira, leur mère",Toubah,5,19,Découverte,0
520,20 Toubah,"Martyre de saint Klog, le prêtre",Toubah,5,20,Martyre,1
520,20 Toubah,Martyre de saint Bahna,Toubah,5,20,Martyre,1
520,20 Toubah,"Décès de saint Prochore, l’un des 70 disciples",Toubah,5,20,Décès,0
520,20 Toubah,Consécration de l’église de saint Jean le détenteur de l'Evangile en or,Toubah,5,20,Consécration,0
521,21 Toubah,"Décès de notre Dame, la Vierge Marie, la sainte Mère de Dieu",Toubah,5,21,Décès,0
521,21 Toubah,"Décès de sainte Hilarie, la fille de l’empereur Zénon",Toubah,5,21,Décès,0
522,22 Toubah,"Décès de saint Antoine le grand, le père de tous les moines",Toubah,5,22,Décès,0
523,23 Toubah,"Martyre de saint Timothée, le disciple de l’apôtre saint Paul et l’évêque d’Ephèse",Toubah,5,23,Martyre,1
523,23 Toubah,"Décès d’abba Cyrille IV, le père de la réforme, le 110ème patriarche de la prédication de saint Marc",Toubah,5,23,Décès,0
524,24 Toubah,Martyre d'Abba Bissada le prêtre,Toubah,5,24,Martyre,1
524,24 Toubah,Décès de sainte Marie l’ascète,Toubah,5,24,Décès,0
525,25 Toubah,Martyre de saint Askalâs,Toubah,5,25,Martyre,1
525,25 Toubah,"Décès de saint Pierre, l’adorateur",Toubah,5,25,Décès,0
526,26 Toubah,"Martyre des 49 saints, les anciens de Scété",Toubah,5,26,Martyre,1
526,26 Toubah,Martyre de saint Bagouch,Toubah,5,26,Martyre,1
526,26 Toubah,Décès de sainte Anastasie,Toubah,5,26,Décès,0
527,27 Toubah,"Martyre d’abba Fam (Phœbammon) d’Ossîm, le soldat",Toubah,5,27,Martyre,1
527,27 Toubah,Martyre de saint Sérapion,Toubah,5,27,Martyre,1
527,27 Toubah,Commémoration de l’archange Suriel,Toubah,5,27,Commémoration,0
527,27 Toubah,"Translation des reliques de saint Timothée, le disciple de l’apôtre saint Paul",Toubah,5,27,Translation,0
528,28 Toubah,Martyre d’abba Kaou,Toubah,5,28,Martyre,1
528,28 Toubah,"Martyre de saint Clément, l’évêque d’Ankara",Toubah,5,28,Martyre,1
528,28 Toubah,"Martyre de saint Phylias, l’évêque de Tamyel Amdid",Toubah,5,28,Martyre,1
529,29 Toubah,"Commémoration de saint Syriaque, le combattant",Toubah,5,29,Commémoration,0
529,29 Toubah,Décès de sainte Xani,Toubah,5,29,Décès,0
530,30 Toubah,"Martyre des trois vierges saintes Pistis, Helpis et Agapi et décès de leur mère Sophie",Toubah,5,30,Martyre,1
530,30 Toubah,"Décès du pape Ménas 1er, le 47ème patriarche de la prédication de saint Marc",Toubah,5,30,Décès,0
530,30 Toubah,Décès de saint Abraham d’Edesse,Toubah,5,30,Décès,0
61,1 Amshir,"Martyre de saint Abâdyoun, évêque d’Antinoë",Amshir,6,1,Martyre,1
61,1 Amshir,Commémoration du second concile œcuménique à Constantinople,Amshir,6,1,Commémoration,0
61,1 Amshir,"Commémoration de la consécration de la première église construite en l'honneur de saint Pierre, le sceau des martyrs, à Alexandrie",Amshir,6,1,Commémoration,0
62,2 Amshir,"Décès de saint Paul, le premier des Ermites",Amshir,6,2,Décès,0
62,2 Amshir,"Décès de saint Longin, abbé du monastère d’al Zougag",Amshir,6,2,Décès,0
63,3 Amshir,Décès de saint Jacques le moine,Amshir,6,3,Décès,0
63,3 Amshir,Décès de saint Hédra dans la roche de Benhadeb,Amshir,6,3,Décès,0
64,4 Amshir,"Martyre de saint Agabus, l’un des soixante dix disciples du Christ",Amshir,6,4,Martyre,1
65,5 Amshir,"Martyre de saint Hippolyte, pape de Rome",Amshir,6,5,Martyre,1
65,5 Amshir,Commémoration de la translation des reliques des quarante neuf les anciens de Scété,Amshir,6,5,Commémoration,0
65,5 Amshir,"Décès du pape Agrippin, le 10ème patriarche de la prédication de saint Marc",Amshir,6,5,Décès,0
65,5 Amshir,"Décès de saint abba Pichaï, du monastère rouge",Amshir,6,5,Décès,0
65,5 Amshir,"Décès de saint Apollo, le compagnon de saint Abib",Amshir,6,5,Décès,0
65,5 Amshir,"Décès de saint abba Noub, le propriétaire de l’éventail en or",Amshir,6,5,Décès,0
66,6 Amshir,"Martyre des saints Aboukir, Jean ainsi que des trois vierges et de leur mère",Amshir,6,6,Martyre,1
66,6 Amshir,"Décès du pape Marc IV, le quatre vingt quatrième patriarche de la prédication de saint Marc",Amshir,6,6,Décès,0
66,6 Amshir,Décès de saint Zânoufyous,Amshir,6,6,Décès,0
67,7 Amshir,Décès du pape saint Alexandre II le 43ème patriarche de la prédication de saint Marc,Amshir,6,7,Décès,0
67,7 Amshir,Décès du pape saint Théodore 1er le 45ème patriarche de la prédication de saint Marc,Amshir,6,7,Décès,0
68,8 Amshir,Présentation de Jésus Christ au temple,Amshir,6,8,Présentation,0
68,8 Amshir,"Décès de saint Syméon, le vieillard",Amshir,6,8,Décès,0
69,9 Amshir,Martyre de saint Paul le syriaque,Amshir,6,9,Martyre,1
69,9 Amshir,Martyre de saint Siméon,Amshir,6,9,Martyre,1
69,9 Amshir,"Décès de saint Parsouma, le père des moines syriens",Amshir,6,9,Décès,0
69,9 Amshir,Décès de sainte Euphrosiné,Amshir,6,9,Décès,0
610,10 Amshir,"Martyre de saint Philo, évêque de Perse",Amshir,6,10,Martyre,1
610,10 Amshir,"Martyre de saint Juste, le fils de Numérien",Amshir,6,10,Martyre,1
610,10 Amshir,Décès de saint Isidore de Péluse,Amshir,6,10,Décès,0
611,11 Amshir,"Martyre de saint Fabien, Pape de Rome",Amshir,6,11,Martyre,1
611,11 Amshir,"Décès du pape Jean XIII, le 94ème patriarche de la prédication de saint Marc",Amshir,6,11,Décès,0
612,12 Amshir,Commémoration de l’archange Michel,Amshir,6,12,Commémoration,0
612,12 Amshir,"Décès de saint Gélasius, l’ascète",Amshir,6,12,Décès,0
613,13 Amshir,"Martyre de saint Serge d’Atrib, de ses parents, sa sœur et de plusieurs autres personnes",Amshir,6,13,Martyre,1
613,13 Amshir,"Décès du pape Timothée III, le 32ème patriarche de la prédication de saint Marc",Amshir,6,13,Décès,0
614,14 Amshir,"Décès de saint Sévère, le patriarche d'Antioche",Amshir,6,14,Décès,0
614,14 Amshir,"Décès du pape saint Jacques, le 50ème patriarche de la prédication de saint Marc",Amshir,6,14,Décès,0
615,15 Amshir,"Martyre du saint prophète Zacharie fils de Bérékya, fils de Iddo",Amshir,6,15,Martyre,1
615,15 Amshir,"Martyre d’abba Pigol, le prêtre",Amshir,6,15,Martyre,1
615,15 Amshir,"Décès de saint Paphnouté, le moine",Amshir,6,15,Décès,0
615,15 Amshir,Consécration de la 1ère église en l’honneur des quarante martyrs de Sébaste,Amshir,6,15,Consécration,0
616,16 Amshir,"Décès de sainte Elisabeth, mère de saint Jean le Baptiste",Amshir,6,16,Décès,0
616,16 Amshir,"Décès du pape Michel III, le 92ème patriarche de la prédication de saint Marc",Amshir,6,16,Décès,0
616,16 Amshir,"Décès de saint Michel al Beheiry, l’hygoumène, du monastère al Mouharrak",Amshir,6,16,Décès,0
617,17 Amshir,"Martyre de saint Ménas, le moine",Amshir,6,17,Martyre,1
617,17 Amshir,Consécration de l’église de saint Qastour al Bardanouhi,Amshir,6,17,Consécration,0
618,18 Amshir,"Décès de saint Mélèce le confesseur, Patriarche d’Antioche",Amshir,6,18,Décès,0
618,18 Amshir,Consécration de l’église de saint Paul le simple,Amshir,6,18,Consécration,0
619,19 Amshir,"Translation à Antioche des reliques de saint Martin, le moine",Amshir,6,19,Translation,0
620,20 Amshir,"Martyre des saints Basile, Théodore et Timothée",Amshir,6,20,Martyre,1
620,20 Amshir,"Décès du pape saint Pierre II, le 21ème patriarche de la prédication de saint Marc",Amshir,6,20,Décès,0
621,21 Amshir,"Martyre de saint Onésime, le disciple de saint Paul, l’apôtre",Amshir,6,21,Martyre,1
621,21 Amshir,Commémoration de la sainte vierge Marie,Amshir,6,21,Commémoration,0
621,21 Amshir,"Décès du pape Gabriel 1er, le 57ème patriarche de la prédication de saint Marc",Amshir,6,21,Décès,0
621,21 Amshir,"Décès de saint Zacharie, l’évêque de Sakha",Amshir,6,21,Décès,0
622,22 Amshir,Décès de saint Marouthas évêque de Maypherkat,Amshir,6,22,Décès,0
623,23 Amshir,"Martyre de saint Eusèbe, le fils du ministre Basilidès",Amshir,6,23,Martyre,1
624,24 Amshir,Martyre de saint Timothée à Gaza et saint Mathias à Qous,Amshir,6,24,Martyre,1
624,24 Amshir,Décès de saint Agapet l’évêque,Amshir,6,24,Décès,0
625,25 Amshir,"Martyre de saint Philémon, de sainte Apphia et de leur fils Archippus",Amshir,6,25,Martyre,1
625,25 Amshir,Martyre de saint Quona à Rome,Amshir,6,25,Martyre,1
625,25 Amshir,Martyre de saint Ménas à Qos,Amshir,6,25,Martyre,1
625,25 Amshir,Décès de saint Fana au mont Délga,Amshir,6,25,Décès,0
626,26 Amshir,Martyre de saint Sâdouk et de ses 128 compagnons,Amshir,6,26,Martyre,1
626,26 Amshir,Martyre des deux évêque Tyrannion et Silvain ainsi que du prêtre Zénobe et de leurs compagnons dans la ville de Tyr,Amshir,6,26,Martyre,1
626,26 Amshir,Décès du saint prophète Osée,Amshir,6,26,Décès,0
627,27 Amshir,Martyre de sainte Perpétue et de ses compagnons,Amshir,6,27,Martyre,1
627,27 Amshir,"Décès du saint Eustathe, patriarche d’Antioche",Amshir,6,27,Décès,0
628,28 Amshir,Translation des reliques du martyr saint Théodore l’oriental,Amshir,6,28,Translation,0
629,29 Amshir,"Martyre de saint Polycarpe, évêque de Smyrne",Amshir,6,29,Martyre,1
630,30 Amshir,Découverte de la tête de saint Jean le baptiste,Amshir,6,30,Découverte,0
630,30 Amshir,"Décès du pape Cyrille (Kyrillos) VI, le 116ème patriarche de la prédication de saint Marc",Amshir,6,30,Décès,0
71,1 Baramhat,Martyre de saint Makronius et de saint Takla,Baramhat,7,1,Martyre,1
71,1 Baramhat,Martyre de saint Alexandre le soldat,Baramhat,7,1,Martyre,1
71,1 Baramhat,"Décès de saint Narcisse, évêque de Jérusalem",Baramhat,7,1,Décès,0
71,1 Baramhat,"Décès de saint Markourah, l’évêque",Baramhat,7,1,Décès,0
71,1 Baramhat,"Décès du moine Georges (Guiguis) ibn-el-aamid, surnommé ibn-el-makin",Baramhat,7,1,Décès,0
72,2 Baramhat,Martyre de l’évêque saint Makrawi,Baramhat,7,2,Martyre,1
73,3 Baramhat,Martyre de saint Perfonios,Baramhat,7,3,Martyre,1
73,3 Baramhat,"Martyre de saint Porphyre, l’évêque de Gaza",Baramhat,7,3,Martyre,1
73,3 Baramhat,"Décès du pape Côme III, le 58ème patriarche de la prédication de saint Marc",Baramhat,7,3,Décès,0
73,3 Baramhat,Décès d’abba Hadid le prêtre,Baramhat,7,3,Décès,0
74,4 Baramhat,"Martyre de saint Hanolious, le prince",Baramhat,7,4,Martyre,1
74,4 Baramhat,Réunion d’un concile dans l’île de béni-omar,Baramhat,7,4,Réunion,0
75,5 Baramhat,"Décès d'abba Sarapamôn, higoumène du monastère de saint Jean Colobos",Baramhat,7,5,Décès,0
75,5 Baramhat,Commémoration du martyre de sainte Eudoxie,Baramhat,7,5,Commémoration,0
76,6 Baramhat,Martyre de saint Dioscore à l’époque des arabes,Baramhat,7,6,Martyre,1
76,6 Baramhat,"Décès de saint Théodote, l’évêque et le confesseur",Baramhat,7,6,Décès,0
77,7 Baramhat,Martyre des saints Philémon et Apollonius,Baramhat,7,7,Martyre,1
77,7 Baramhat,Martyre de sainte Marie l’israélite,Baramhat,7,7,Martyre,1
78,8 Baramhat,"Martyre de saint Matthias, l’apôtre",Baramhat,7,8,Martyre,1
78,8 Baramhat,"Martyre de saint Arien, le gouverneur d’Antinoë",Baramhat,7,8,Martyre,1
78,8 Baramhat,"Décès de saint Julien, le 11ème pape d’Alexandrie",Baramhat,7,8,Décès,0
79,9 Baramhat,"Martyre des saints Adrien et son épouse Marthe ainsi qu’Eusèbe, Arma et quarante martyrs",Baramhat,7,9,Martyre,1
79,9 Baramhat,Décès de l’évêque saint Konan,Baramhat,7,9,Décès,0
710,10 Baramhat, Commémoration de la manifestation de la glorieuse croix,Baramhat,7,10, Commémoration,0
711,11 Baramhat,"Martyre de saint Basile, l’évêque de Jérusalem",Baramhat,7,11,Martyre,1
711,11 Baramhat,"Décès de saint Narcisse, évêque de Jérusalem",Baramhat,7,11,Décès,0
712,12 Baramhat,Martyre de saint Malachie en Palestine,Baramhat,7,12,Martyre,1
712,12 Baramhat,Martyre de saint Glathinos à Damas,Baramhat,7,12,Martyre,1
712,12 Baramhat,Commémoration de l’archange Michel,Baramhat,7,12,Commémoration,0
712,12 Baramhat,"Commémoration de la manifestation de la chasteté de saint Démétrios, le 12ème pape d’Alexandrie",Baramhat,7,12,Commémoration,0
713,13 Baramhat,Martyre des 40 saints de Sébaste,Baramhat,7,13,Martyre,1
713,13 Baramhat,Décès de saint Denys le 14ème pape d’Alexandrie,Baramhat,7,13,Décès,0
713,13 Baramhat,Retour de saint Macaire le grand et saint Macaire d’Alexandrie de leur exil,Baramhat,7,13,Retour,0
714,14 Baramhat,"Martyre des saints Eugène, Agathodore et Elpidius",Baramhat,7,14,Martyre,1
714,14 Baramhat,Martyre de saint Chénouda de Bahnassa,Baramhat,7,14,Martyre,1
715,15 Baramhat,Martyre de saint Elias d’Ahnâs,Baramhat,7,15,Martyre,1
715,15 Baramhat,"Décès de sainte Sarah, la moniale",Baramhat,7,15,Décès,0
716,16 Baramhat,Apparition de la sainte Vierge Marie à l’église de sainte Damiana à Choubra au Caire,Baramhat,7,16,Apparition,0
716,16 Baramhat,"Décès du pape Michel (Khaïl) 1er, le 46ème patriarche de la prédication de saint Marc",Baramhat,7,16,Décès,0
717,17 Baramhat,Martyre de Sid-hom Bichay à Damiette,Baramhat,7,17,Martyre,1
717,17 Baramhat,Décès de Lazare le bien-aimé du Seigneur,Baramhat,7,17,Décès,0
717,17 Baramhat,"Décès de saint Basile, le métropolite de Jérusalem",Baramhat,7,17,Décès,0
717,17 Baramhat,Commémoration des saints Georges l'adorateur et de Placios le martyr ainsi que de l'évêque abba Youssef,Baramhat,7,17,Commémoration,0
718,18 Baramhat,Martyre de saint Isidore le compagnon de Sana le soldat,Baramhat,7,18,Martyre,1
719,19 Baramhat,"Martyre de saint Alexandre, saint Agapius et de leurs compagnons",Baramhat,7,19,Martyre,1
719,19 Baramhat,"Décès de saint Aristobule, un des soixante-dix disciples",Baramhat,7,19,Décès,0
720,20 Baramhat,"Décès du pape Michel (Khaïl) III, le 56ème patriarche de la prédication de saint Marc",Baramhat,7,20,Décès,0
720,20 Baramhat,"Commémoration de la résurrection de Lazare, l’ami de notre Seigneur",Baramhat,7,20,Commémoration,0
721,21 Baramhat,Martyre des saints Théodore et Timothée,Baramhat,7,21,Martyre,1
721,21 Baramhat,"Commémoration de la mère de Dieu, la sainte Vierge Marie",Baramhat,7,21,Commémoration,0
721,21 Baramhat,"Venue de Notre Sauveur à Béthanie et concertation des grands prêtres pour tuer Lazare, celui que le Seigneur a ressuscité",Baramhat,7,21,Venue,0
722,22 Baramhat,"Décès de saint Cyrille, évêque de Jérusalem",Baramhat,7,22,Décès,0
722,22 Baramhat,"Décès de Joseph d’Arimathie, le juste",Baramhat,7,22,Décès,0
722,22 Baramhat,"Décès de saint Michel, évêque de Nakadah",Baramhat,7,22,Décès,0
723,23 Baramhat,"Décès du prophète Daniel, le juste ",Baramhat,7,23,Décès,0
724,24 Baramhat,Apparition de la Sainte vierge Marie sur le toit de l'église qui lui est dédiée à Zeitoun,Baramhat,7,24,Apparition,0
724,24 Baramhat,"Décès du pape saint Macaire 1er, le 59ème Pape de la prédication de saint Marc",Baramhat,7,24,Décès,0
725,25 Baramhat,"Martyre de saint Onésiphore, l’un des 70 disciples",Baramhat,7,25,Martyre,1
725,25 Baramhat,"Décès de saint Prisca, l’un des 70 disciples",Baramhat,7,25,Décès,0
725,25 Baramhat,Décès du pape Mathieu III le 100ème patriarche,Baramhat,7,25,Décès,0
726,26 Baramhat,"Décès de sainte Eupraxie, la vierge",Baramhat,7,26,Décès,0
726,26 Baramhat,"Décès du pape Pierre VI, le 104ème patriarche de la prédication de saint Marc",Baramhat,7,26,Décès,0
727,27 Baramhat,Martyre de saint Domikios,Baramhat,7,27,Martyre,1
727,27 Baramhat,Commémoration de la crucifixion de notre Seigneur Jésus Christ,Baramhat,7,27,Commémoration,0
727,27 Baramhat,Décès de saint Macaire le grand,Baramhat,7,27,Décès,0
728,28 Baramhat,Décès de l’empereur Constantin le grand,Baramhat,7,28,Décès,0
728,28 Baramhat,"Décès du pape Pierre (Boutros) VII, le 109ème patriarche de la prédication de saint Marc",Baramhat,7,28,Décès,0
728,28 Baramhat,"Commémoration d’Abba Sarabamôn, surnommé abou Tarha (le voilé)",Baramhat,7,28,Commémoration,0
729,29 Baramhat,Fête de l’annonciation,Baramhat,7,29,Fête,0
729,29 Baramhat,Commémoration de la résurrection du Christ d’entre les morts,Baramhat,7,29,Commémoration,0
730,30 Baramhat,"Commémoration de l’archange Gabriel, le Messager",Baramhat,7,30,Commémoration,0
730,30 Baramhat,"Commémoration de Samson, l’un des juges d’Israël",Baramhat,7,30,Commémoration,0
730,30 Baramhat,"Translation des reliques de saint Jacques, l’intercis",Baramhat,7,30,Translation,0
81,1 Baramouda,Décès de saint Silvain le moine,Baramouda,8,1,Décès,0
81,1 Baramouda,Décès du prêtre Aaron,Baramouda,8,1,Décès,0
81,1 Baramouda,Attaque du désert de Scété par les bédouins de haute Egypte,Baramouda,8,1,Attaque,0
82,2 Baramouda,Martyre de saint Christophe,Baramouda,8,2,Martyre,1
82,2 Baramouda,Décès du pape Jean IX le 81ème patriarche de la prédication de saint Marc,Baramouda,8,2,Décès,0
83,3 Baramouda,"Décès du pape Michel II, le 71ème pape de la prédication de saint Marc",Baramouda,8,3,Décès,0
83,3 Baramouda,"Décès de saint Jean, l’évêque de Jérusalem",Baramouda,8,3,Décès,0
84,4 Baramouda,"Martyre de saint Victor, saint Acace, saint Dèce, sainte Iriny la vierge ainsi que de nombreuses personnes, hommes et femmes, qui les accompagnaient",Baramouda,8,4,Martyre,1
84,4 Baramouda,Décès de saint Eugine,Baramouda,8,4,Décès,0
85,5 Baramouda,Martyre du prophète Ezéchiel fils de Buzi,Baramouda,8,5,Martyre,1
85,5 Baramouda,"Martyre de saint Hypatius, évêque de Gangre",Baramouda,8,5,Martyre,1
86,6 Baramouda,"Décès de sainte Marie l’égyptienne, l’anachorète",Baramouda,8,6,Décès,0
87,7 Baramouda,Martyre de saint Agapius et sainte Théodora,Baramouda,8,7,Martyre,1
87,7 Baramouda,"Décès de Joachim le juste, le père de la sainte Vierge Marie",Baramouda,8,7,Décès,0
87,7 Baramouda,Décès de saint Macrobe,Baramouda,8,7,Décès,0
88,8 Baramouda,"Martyre des vierges, saintes Agapé, Irène et Chiona",Baramouda,8,8,Martyre,1
88,8 Baramouda,Martyre de 150 fidèles tués par le roi des perses,Baramouda,8,8,Martyre,1
89,9 Baramouda,"Décès de saint Zosime, le prêtre",Baramouda,8,9,Décès,0
89,9 Baramouda,"Commémoration du grand miracle que Dieu accomplit par l’intermédiaire du pape Chénouda 1er, le 55ème patriarche",Baramouda,8,9,Commémoration,0
810,10 Baramouda,"Décès d’abba Isaac, le disciple d’abba Apollo",Baramouda,8,10,Décès,0
810,10 Baramouda,"Décès du pape Gabriel II, le 70ème patriarche de la prédication de saint Marc",Baramouda,8,10,Décès,0
811,11 Baramouda,Décès de sainte Théodora,Baramouda,8,11,Décès,0
811,11 Baramouda,"Décès de saint Jean, l’évêque de Gaza",Baramouda,8,11,Décès,0
812,12 Baramouda,Commémoration de l’archange Michel,Baramouda,8,12,Commémoration,0
812,12 Baramouda,"Décès de saint Alexandre le confesseur, l’évêque de Jérusalem",Baramouda,8,12,Décès,0
812,12 Baramouda,"Décès de saint Antoine, l’évêque de Thmoui",Baramouda,8,12,Décès,0
813,13 Baramouda,Martyre des deux saints Josué et Joseph,Baramouda,8,13,Martyre,1
813,13 Baramouda,Martyre de saint Médius,Baramouda,8,13,Martyre,1
813,13 Baramouda,"Décès du pape Jean XVII, le 105ème patriarche de la prédication de saint Marc",Baramouda,8,13,Décès,0
813,13 Baramouda,Commémoration de sainte Denise,Baramouda,8,13,Commémoration,0
814,14 Baramouda,"Décès du pape Maxime, le 15ème patriarche de la prédication de saint Marc",Baramouda,8,14,Décès,0
814,14 Baramouda,Décès de saint Ehrôn le syriaque,Baramouda,8,14,Décès,0
815,15 Baramouda,Martyre de la reine sainte Alexandra,Baramouda,8,15,Martyre,1
815,15 Baramouda,"Consécration de l’église de saint Agabus, l’un des soixante-dix disciples du Christ",Baramouda,8,15,Consécration,0
815,15 Baramouda,"Décès du pape Marc VI, le 101ème patriarche de la prédication de saint Marc",Baramouda,8,15,Décès,0
816,16 Baramouda,"Martyre de saint Antipas, évêque de Pergame et disciple de l’apôtre saint Jean",Baramouda,8,16,Martyre,1
816,16 Baramouda,Commémoration de l’élévation d’Enoch le juste vivant vers le ciel,Baramouda,8,16,Commémoration,0
817,17 Baramouda,"Martyre de saint Jacques le majeur, un des douze apôtres ainsi que le frère de saint Jean le bien-aimé",Baramouda,8,17,Martyre,1
817,17 Baramouda,Décès de saint Nicodème,Baramouda,8,17,Décès,0
818,18 Baramouda,Martyre de saint Arsène le disciple de saint Sissinius,Baramouda,8,18,Martyre,1
818,18 Baramouda,"Décès de saint Apollo, le disciple de saint Samuel le confesseur",Baramouda,8,18,Décès,0
819,19 Baramouda,"Martyre de saint Siméon l’arménien, évêque de Perse",Baramouda,8,19,Martyre,1
819,19 Baramouda,Martyre du bienheureux Jean Abou-Nagah le grand et du notable Abou-l-‘Ala Fahd fils d’Ibrahim ainsi que de leurs compagnons,Baramouda,8,19,Martyre,1
819,19 Baramouda,"Martyre de David, le moine, le fils de Gabriel el-Borgui",Baramouda,8,19,Martyre,1
820,20 Baramouda,Martyre de saint Paphnouté de Déndérah,Baramouda,8,20,Martyre,1
821,21 Baramouda,"Commémoration de la sainte Vierge Marie, la Mère de Dieu",Baramouda,8,21,Commémoration,0
821,21 Baramouda,"Décès de saint Hiérothée, évêque d’Athènes",Baramouda,8,21,Décès,0
822,22 Baramouda,"Décès du pape Alexandre I, le 19ème patriarche de la prédication de saint Marc",Baramouda,8,22,Décès,0
822,22 Baramouda,"Décès du pape Marc II, le 49ème patriarche de la prédication de saint Marc",Baramouda,8,22,Décès,0
822,22 Baramouda,"Décès du pape Michel II, le 53ème patriarche de la prédication de saint Marc",Baramouda,8,22,Décès,0
822,22 Baramouda,Décès de saint Isaac de Hourîn,Baramouda,8,22,Décès,0
823,23 Baramouda,"Martyre de saint Georges, le grand martyr",Baramouda,8,23,Martyre,1
824,24 Baramouda,"Martyre de saint Sina, le soldat et le compagnon de saint Isidore",Baramouda,8,24,Martyre,1
824,24 Baramouda,"Décès du pape Chénouté I, le 55ème patriarche de la prédication de saint Marc",Baramouda,8,24,Décès,0
825,25 Baramouda,Martyre de sainte Sarah et de ses deux fils,Baramouda,8,25,Martyre,1
825,25 Baramouda,Martyre de saint Théodore l’adorateur et de 100 autres personnes,Baramouda,8,25,Martyre,1
826,26 Baramouda,Martyre de saint Sousnyos et de 1100 autres personnes,Baramouda,8,26,Martyre,1
826,26 Baramouda,"Décès du pape Jean VII, le 78ème patriarche de la prédication de saint Marc",Baramouda,8,26,Décès,0
827,27 Baramouda,"Martyre de saint Victor, le fils de Romanos",Baramouda,8,27,Martyre,1
828,28 Baramouda,"Martyre de saint Milius, l’ermite",Baramouda,8,28,Martyre,1
829,29 Baramouda,"Commémoration de l’Annonciation, la Nativité et la Résurrection",Baramouda,8,29,Commémoration,0
829,29 Baramouda,"Décès de saint Eraste, un des 70 disciples",Baramouda,8,29,Décès,0
829,29 Baramouda,"Décès de saint Acace, l’évêque de Jérusalem",Baramouda,8,29,Décès,0
830,30 Baramouda,"Martyre de saint Marc l’évangéliste, le prédicateur de l’Egypte",Baramouda,8,30,Martyre,1
91,1 Bachans,"Nativité de la très sainte Vierge Marie, la Mère de Dieu",Bachans,9,1,Nativité,0
92,2 Bachans,Martyre de saint Phylothée de Dronka,Bachans,9,2,Martyre,1
92,2 Bachans,"Décès de Job, le juste",Bachans,9,2,Décès,0
92,2 Bachans,"Décès de saint Théodore de Tabenne, le disciple de saint Pacôme, le père des Cénobites",Bachans,9,2,Décès,0
93,3 Bachans,"Martyre de saint Otimus, le prêtre",Bachans,9,3,Martyre,1
93,3 Bachans,"Décès de saint Jason, l’un des soixante-dix disciples",Bachans,9,3,Décès,0
93,3 Bachans,"Décès du pape Gabriel IV, le 86ème patriarche de la prédication de saint Marc",Bachans,9,3,Décès,0
94,4 Bachans,"Décès du pape Jean 1er, le 29ème patriarche de la prédication de saint Marc",Bachans,9,4,Décès,0
94,4 Bachans,"Décès du pape Jean V, le 72ème patriarche de la prédication de saint Marc",Bachans,9,4,Décès,0
95,5 Bachans,Martyre du prophète Jérémie,Bachans,9,5,Martyre,1
96,6 Bachans,Martyre de saint Isaac de Tiphré,Bachans,9,6,Martyre,1
96,6 Bachans,Martyre de sainte Doulaguy et de ses quatre enfants,Bachans,9,6,Martyre,1
96,6 Bachans,Martyre de saint Paphnouté d’el Bandarah,Bachans,9,6,Martyre,1
96,6 Bachans,Décès de saint Macaire d’Alexandrie,Bachans,9,6,Décès,0
97,7 Bachans,"Décès du pape saint Athanase l’apostolique, le 20ème patriarche de la prédication de saint Marc",Bachans,9,7,Décès,0
98,8 Bachans,Martyre de saint Jean de Senhout,Bachans,9,8,Martyre,1
98,8 Bachans,Commémoration de l’ascension de notre Seigneur Jésus Christ,Bachans,9,8,Commémoration,0
98,8 Bachans,Décès de saint Daniel l’higoumène de la vallée de Scété,Bachans,9,8,Décès,0
99,9 Bachans,"Décès de sainte Hélène, la reine",Bachans,9,9,Décès,0
99,9 Bachans,"Décès du pape Jean XI, le 89ème patriarche de la prédication de saint Marc",Bachans,9,9,Décès,0
99,9 Bachans,"Décès du pape Gabriel VIII, le 97ème patriarche de la prédication de saint Marc",Bachans,9,9,Décès,0
910,10 Bachans,"Lancement des trois jeunes saints : Ananias, Azarias et Misaël dans la fournaise de feu",Bachans,9,10,Lancement,0
911,11 Bachans,Martyre de sainte Théoclia épouse de saint Juste fils de l’empereur Numérien,Bachans,9,11,Martyre,1
911,11 Bachans,"Décès d'abba Paphnouté, l'évêque",Bachans,9,11,Décès,0
912,12 Bachans,Martyre du notable el-moallem Malaty,Bachans,9,12,Martyre,1
912,12 Bachans,Commémoration de l'archange Michel,Bachans,9,12,Commémoration,0
912,12 Bachans,Translation des reliques de saint Jean Chrysostome,Bachans,9,12,Translation,0
912,12 Bachans,Commémoration de l'apparition d'une croix lumineuse au-dessus du Golgotha,Bachans,9,12,Commémoration,0
912,12 Bachans,"Décès du pape Marc VII, 106ème patriarche de la prédication de saint Marc",Bachans,9,12,Décès,0
912,12 Bachans,Consécration de l'église de sainte Damienne,Bachans,9,12,Consécration,0
913,13 Bachans,"Martyre d'abba Pigol, le soldat",Bachans,9,13,Martyre,1
913,13 Bachans,"Décès de saint Arsène, le précepteur des fils de l'empereur",Bachans,9,13,Décès,0
914,14 Bachans,Martyre de saint Épimaque de Péluse,Bachans,9,14,Martyre,1
914,14 Bachans,"Décès d’abba Pacôme, le père du monachisme cénobitique",Bachans,9,14,Décès,0
915,15 Bachans,"Martyre de saint Siméon le cananite et le zélote, un des douze apôtres",Bachans,9,15,Martyre,1
915,15 Bachans,Martyre de quatre cent personnes à Déndérah,Bachans,9,15,Martyre,1
915,15 Bachans,"Commémoration du diacre Ménas, l’anachorète",Bachans,9,15,Commémoration,0
915,15 Bachans,"Décès du prêtre Chams-el-Riassa abou-Barakât, connu sous le nom d’ibn-Kébar",Bachans,9,15,Décès,0
916,16 Bachans,"Consécration de l’église de saint Jean l’évangéliste, à Alexandrie",Bachans,9,16,Consécration,0
917,17 Bachans,Commémoration de la Pentecôte,Bachans,9,17,Commémoration,0
917,17 Bachans,"Décès de saint Georges, le compagnon de saint Abraam",Bachans,9,17,Décès,0
918,18 Bachans,Commémoration de la Pentecôte,Bachans,9,18,Commémoration,0
918,18 Bachans,"Décès de saint Georges, le compagnon de saint Abraam",Bachans,9,18,Décès,0
919,19 Bachans,Martyre de saint Isidore d’Antioche,Bachans,9,19,Martyre,1
919,19 Bachans,"Décès de saint Isaac, le prêtre des Kélias",Bachans,9,19,Décès,0
920,20 Bachans,"Martyre des six soldats qui ont accompagné le prince Claude, le martyr",Bachans,9,20,Martyre,1
920,20 Bachans,"Décès d’abba Amonius, l’ermite",Bachans,9,20,Décès,0
921,21 Bachans,"Commémoration de la sainte Vierge Marie, la Mère de Dieu",Bachans,9,21,Commémoration,0
921,21 Bachans,Décès de saint Marcien,Bachans,9,21,Décès,0
922,22 Bachans,Martyre de 142 enfants et 28 femmes,Bachans,9,22,Martyre,1
922,22 Bachans,"Décès de saint Andronique, l’un des soixante-dix disciples",Bachans,9,22,Décès,0
922,22 Bachans,"Décès de saint Amoun, le fondateur de la vallée de Nitrie",Bachans,9,22,Décès,0
923,23 Bachans,Martyre de sainte Tekla pendant le martyre du prince Claude,Bachans,9,23,Martyre,1
923,23 Bachans,Martyre de saint Julien et sa mère à Alexandrie,Bachans,9,23,Martyre,1
923,23 Bachans,"Décès de saint Junias, un des soixante-dix disciples",Bachans,9,23,Décès,0
923,23 Bachans,Décès de saint Potamon le confesseur,Bachans,9,23,Décès,0
924,24 Bachans,"Martyre de saint Chatoufa, le moine du monastère d’abba Macaire",Bachans,9,24,Martyre,1
924,24 Bachans,Commémoration de la venue du Christ en Egypte,Bachans,9,24,Commémoration,0
924,24 Bachans,Décès du prophète Habacuc,Bachans,9,24,Décès,0
925,25 Bachans,"Martyre de saint Colluthus d’Antinoë, le médecin",Bachans,9,25,Martyre,1
925,25 Bachans,"Décès du Mo’allem Ibrahim al-Gohari, le grand dignitaire",Bachans,9,25,Décès,0
926,26 Bachans,"Martyre de saint Thomas, l'apôtre",Bachans,9,26,Martyre,1
927,27 Bachans,"Décès de saint Lazare, le bien-aimé du Seigneur",Bachans,9,27,Décès,0
927,27 Bachans,Décès d’abba Thomas l’anachorète au mont Chénechéf,Bachans,9,27,Décès,0
927,27 Bachans,"Décès du pape Jean II, le 30ème patriarche de la prédication de saint Marc",Bachans,9,27,Décès,0
928,28 Bachans,Translation des reliques de saint Epiphane,Bachans,9,28,Translation,0
929,29 Bachans,"Commémoration de l’Annonciation, la Nativité et la Résurrection",Bachans,9,29,Commémoration,0
929,29 Bachans,Décès de saint Siméon le stylite,Bachans,9,29,Décès,0
930,30 Bachans,"Décès de saint Phorus, l’un des soixante-dix disciples",Bachans,9,30,Décès,0
930,30 Bachans,"Décès de saint Michel 1er, le 68ème patriarche de la prédication de saint Marc",Bachans,9,30,Décès,0
101,1 Paoni,Martyre de saint abba Fam le soldat,Paoni,10,1,Martyre,1
101,1 Paoni,Martyre de saint Côme de Taha ainsi que ses compagnons,Paoni,10,1,Martyre,1
101,1 Paoni,"Décès de Saint Carpos, l’un des soixante-dix disciples",Paoni,10,1,Décès,0
101,1 Paoni,Consécration de l’église de saint Léonce de Tripoli,Paoni,10,1,Consécration,0
102,2 Paoni,Apparition des reliques de saint Jean le baptiste et du prophète Elysée,Paoni,10,2,Apparition,0
102,2 Paoni,"Décès du pape Jean XVIII, le 107ème patriarche de la prédication de saint Marc",Paoni,10,2,Décès,0
103,3 Paoni,"Décès de saint Abraham, l'évêque de Fayoum et de Guizeh",Paoni,10,3,Décès,0
103,3 Paoni,"Martyre de saint Alladius, l'évêque",Paoni,10,3,Martyre,1
103,3 Paoni,"Décès de sainte Marthe, l'ermite",Paoni,10,3,Décès,0
104,4 Paoni,Martyre de saint Sinoussious,Paoni,10,4,Martyre,1
104,4 Paoni,Martyre de saint Jean d’Héraclée,Paoni,10,4,Martyre,1
104,4 Paoni,Martyre d’abba Amon et la juste Sophie,Paoni,10,4,Martyre,1
104,4 Paoni,Décès de saint abba Hor,Paoni,10,4,Décès,0
104,4 Paoni,"Décès du pape Jean VIII, le 80ème patriarche",Paoni,10,4,Décès,0
105,5 Paoni,Martyre de saint Pifâm,Paoni,10,5,Martyre,1
105,5 Paoni,Martyre de saint Pichaï et saint Pierre,Paoni,10,5,Martyre,1
105,5 Paoni,"Décès de saint Jacques d’orient, le confesseur",Paoni,10,5,Décès,0
105,5 Paoni,Commémoration de la consécration de l’église de saint Victor dans la région de Cho,Paoni,10,5,Commémoration,0
106,6 Paoni,"Martyre de saint Théodore, le moine",Paoni,10,6,Martyre,1
106,6 Paoni,Décès de saint Didyme l'aveugle,Paoni,10,6,Décès,0
107,7 Paoni,"Martyre de saint Abba Éschyrône, le soldat",Paoni,10,7,Martyre,1
107,7 Paoni,Consécration de l’église d’abba Matthieu el-Fakhouri au mont d’Esna,Paoni,10,7,Consécration,0
107,7 Paoni,Décès de saint Moïse au mont d’Akhmim,Paoni,10,7,Décès,0
108,8 Paoni,Martyre de Saint Georges le Néo-martyr,Paoni,10,8,Martyre,1
108,8 Paoni,Consécration de l’église de la sainte Vierge surnommée al-Mahammah,Paoni,10,8,Consécration,0
108,8 Paoni,Commémoration de sainte Tamada et ses enfants ainsi que saint Armanous et sa mère,Paoni,10,8,Commémoration,0
109,9 Paoni,Translation des reliques de saint Mercure au Caire,Paoni,10,9,Translation,0
109,9 Paoni,Martyre de saint Lucilianus et quatre autres personnes avec lui,Paoni,10,9,Martyre,1
109,9 Paoni,Martyre de saint Apamôn et saint Serna,Paoni,10,9,Martyre,1
109,9 Paoni,"Décès de saint Samuel, le prophète",Paoni,10,9,Décès,0
1010,10 Paoni,"Martyre de saint Maksy de Chénra, le prêtre",Paoni,10,10,Martyre,1
1010,10 Paoni,"Martyre de sainte Dabamoune, sa sœur Bastamoune ainsi que leur mère Sophie",Paoni,10,10,Martyre,1
1010,10 Paoni,Commémoration de l’ouverture des églises,Paoni,10,10,Commémoration,0
1010,10 Paoni,Décès du pape Jean XVI le 103ème patriarche de la prédication de saint Marc,Paoni,10,10,Décès,0
1011,11 Paoni,Martyre de saint Euclide,Paoni,10,11,Martyre,1
1011,11 Paoni,Commémoration de l'édification de l'autel des quarante martyrs dans l'église du Sauveur à Alexandrie,Paoni,10,11,Commémoration,0
1012,12 Paoni,Commémoration de l’archange Michel,Paoni,10,12,Commémoration,0
1012,12 Paoni,Décès de sainte Euphémie,Paoni,10,12,Décès,0
1012,12 Paoni,Décès de saint Juste le 6ème patriarche de la prédication de saint Marc,Paoni,10,12,Décès,0
1012,12 Paoni,Décès de saint Cyrille II le 67ème patriarche de la prédication de saint Marc,Paoni,10,12,Décès,0
1013,13 Paoni,Commémoration de l’archange Gabriel qui porta l’annonce,Paoni,10,13,Commémoration,0
1013,13 Paoni,"Décès de saint Jean, l’évêque de Jérusalem",Paoni,10,13,Décès,0
1014,14 Paoni,"Martyre des saints abba Kir, Philippe, Jean et Ptolémée",Paoni,10,14,Martyre,1
1014,14 Paoni,"Décès du pape Jean XIX, 113ème patriarche de la prédication de saint Marc",Paoni,10,14,Décès,0
1015,15 Paoni,Consécration de l'église de saint Ménas à Mariout,Paoni,10,15,Consécration,0
1015,15 Paoni,Accueil des reliques de saint Marc,Paoni,10,15,Accueil,0
1016,16 Paoni,"Décès de saint Onuphre ou Abou-Nofr, l’anachorète",Paoni,10,16,Décès,0
1017,17 Paoni,Décès de saint Latsoun de Bahnassa,Paoni,10,17,Décès,0
1017,17 Paoni,Retour des reliques de saint Marc en Egypte,Paoni,10,17,Retour,0
1018,18 Paoni,Décès du pape Damien 35ème patriarche de la prédication de saint Marc,Paoni,10,18,Décès,0
1018,18 Paoni,Inauguration de la nouvelle cathédrale saint Marc sur le terrain du monastère saint Freige (anba Rouwés),Paoni,10,18,Inauguration,0
1019,19 Paoni,Martyre de saint Georges al-Mouzahim,Paoni,10,19,Martyre,1
1019,19 Paoni,Décès de saint Pichaï Anoub,Paoni,10,19,Décès,0
1019,19 Paoni,"Décès du pape Achille, le 18ème patriarche de la prédication de saint Marc",Paoni,10,19,Décès,0
1019,19 Paoni,Dépose des reliques de l’apôtre saint Marc dans le sanctuaire prévu à cet effet au monastère de saint Freige,Paoni,10,19,Dépose,0
1020,20 Paoni,Décès du saint prophète Elisée,Paoni,10,20,Décès,0
1020,20 Paoni,Consécration de l’église de saint Kloug le prêtre,Paoni,10,20,Consécration,0
1021,21 Paoni,Commémoration de l'édification de la première église dédiée à la Vierge Marie dans la ville de Philippes,Paoni,10,21,Commémoration,0
1021,21 Paoni,"Martyre de saint Timothée, l'égyptien",Paoni,10,21,Martyre,1
1021,21 Paoni,Commémoration du miracle de la libération de Mathias à Bartas par l’intercession de la sainte Vierge Marie,Paoni,10,21,Commémoration,0
1021,21 Paoni,"Décès du pape Kerdon, le 4ème pape d'Alexandrie",Paoni,10,21,Décès,0
1022,22 Paoni,"Consécration de l'église de saint Côme et saint Damien, de leurs frères et de leur mère",Paoni,10,22,Consécration,0
1023,23 Paoni,Décès de saint abba Noub le confesseur,Paoni,10,23,Décès,0
1024,24 Paoni,Martyre du grand saint Moïse le noir,Paoni,10,24,Martyre,1
1024,24 Paoni,"Décès de saint Isidore, le prêtre de Scété",Paoni,10,24,Décès,0
1025,25 Paoni,"Décès du pape Pierre IV, le 34ème patriarche de la prédication de saint Marc",Paoni,10,25,Décès,0
1026,26 Paoni,Consécration de l’église de l’archange Gabriel au mont el-Nakloun à Fayoum,Paoni,10,26,Consécration,0
1027,27 Paoni,"Martyre de saint Ananie, le disciple",Paoni,10,27,Martyre,1
1027,27 Paoni,Martyre de saint Thomas de Chânedalâte,Paoni,10,27,Martyre,1
1027,27 Paoni,Décès de saint Jean fils d’al-Abah,Paoni,10,27,Décès,0
1028,28 Paoni,"Décès du pape Théodose, le 33ème patriarche de la prédication de saint Marc",Paoni,10,28,Décès,0
1028,28 Paoni,"Consécration de l’église d’abba Sarabamôn, l’évêque de Nikiou",Paoni,10,28,Consécration,0
1029,29 Paoni,Martyre des sept ermites du mont Tounah,Paoni,10,29,Martyre,1
1029,29 Paoni,Martyre de saint abba Hour et de sa mère Théodora,Paoni,10,29,Martyre,1
1029,29 Paoni,"Commémoration de l’Annonciation, la Nativité et la Résurrection",Paoni,10,29,Commémoration,0
1030,30 Paoni,Naissance de saint Jean le baptiste,Paoni,10,30,Naissance,0
1030,30 Paoni,"Décès du pape Côme 1er, le 44ème patriarche de la prédication de saint Marc",Paoni,10,30,Décès,0
111,1 Habib,"Martyre de sainte Fébronia, l’ascète",Habib,11,1,Martyre,1
111,1 Habib,Décès des saints Bioukha et Tayâban les prêtres,Habib,11,1,Décès,0
111,1 Habib,Consécration de l’église de saint Ménas au mont Abnoub,Habib,11,1,Consécration,0
112,2 Habib,Décès de l'apôtre saint Jude (Lebbaeus surnommé Thaddée),Habib,11,2,Décès,0
113,3 Habib,"Décès du pape saint Cyrille 1er, le 24ème patriarche de la prédication de saint Marc",Habib,11,3,Décès,0
113,3 Habib,"Décès de saint Célestin, le pape de Rome",Habib,11,3,Décès,0
114,4 Habib,Translation des reliques de saint Cyr et saint Jean,Habib,11,4,Translation,0
115,5 Habib,Martyre de saint Pierre et saint Paul,Habib,11,5,Martyre,1
115,5 Habib,"Martyre de saint Marc, le gouverneur d’al-Borollos, le père de sainte Damiana",Habib,11,5,Martyre,1
116,6 Habib,"Martyre de saint Olympas, le disciple",Habib,11,6,Martyre,1
116,6 Habib,Martyre de sainte Théodosie et de ses compagnons,Habib,11,6,Martyre,1
117,7 Habib,"Décès d’Abba Chénouda, l’archimandrite",Habib,11,7,Décès,0
118,8 Habib,Martyre de saint Pirô’ouh et saint Athom,Habib,11,8,Martyre,1
118,8 Habib,"Martyre de saint Plana, le prêtre",Habib,11,8,Martyre,1
118,8 Habib,Martyre de saint Pimanôn,Habib,11,8,Martyre,1
118,8 Habib,Décès de saint Pichoï,Habib,11,8,Décès,0
118,8 Habib,Décès de saint Karas frère du roi Théodose,Habib,11,8,Décès,0
118,8 Habib,Décès de saint Marc al-Antouni,Habib,11,8,Décès,0
119,9 Habib,"Martyre de Simon fils d’Alphée, l’évêque de Jérusalem",Habib,11,9,Martyre,1
119,9 Habib,Décès du pape Céladion le 9ème patriarche de la prédication de saint Marc,Habib,11,9,Décès,0
1110,10 Habib,"Martyre de saint Théodore, évêque de la Pentapole occidentale",Habib,11,10,Martyre,1
1110,10 Habib,"Martyre de saint Théodore, évêque de Corinthe ainsi que ses compagnons",Habib,11,10,Martyre,1
1111,11 Habib,Martyre de saint Jean et de son cousin Siméon,Habib,11,11,Martyre,1
1111,11 Habib,Décès de saint Isaïe de Scété,Habib,11,11,Décès,0
1112,12 Habib,Martyre de saint abba Hour El-Siriakousy,Habib,11,12,Martyre,1
1112,12 Habib,Commémoration de l'archange Michel,Habib,11,12,Commémoration,0
1112,12 Habib,Décès de saint Sisoès le grand,Habib,11,12,Décès,0
1113,13 Habib,Martyre de saint Abamôn de Toukh,Habib,11,13,Martyre,1
1113,13 Habib,"Martyre de saint Chénouté, au début de l'époque arabe",Habib,11,13,Martyre,1
1113,13 Habib,"Décès de saint Pisentius, l’évêque de Qift (Coptos)",Habib,11,13,Décès,0
1114,14 Habib,Martyre de saint Procope,Habib,11,14,Martyre,1
1114,14 Habib,"Décès du pape Pierre V, le 83ème patriarche de la prédication de saint Marc",Habib,11,14,Décès,0
1115,15 Habib,Martyre de saint Cyr et sainte Julitte,Habib,11,15,Martyre,1
1115,15 Habib,Martyre de saint Horesius de Soul,Habib,11,15,Martyre,1
1115,15 Habib,Décès de saint Ephrem le syriaque,Habib,11,15,Décès,0
1116,16 Habib,"Décès de saint Jean, le détenteur de l'Evangile en or",Habib,11,16,Décès,0
1116,16 Habib,Arrivée de la dépouille du grand martyr saint Georges de Cappadoce à son église du vieux Caire,Habib,11,16,Arrivée,0
1116,16 Habib,Consécration de l’église de saint Philotée,Habib,11,16,Consécration,0
1117,17 Habib,Martyre de sainte Euphémie,Habib,11,17,Martyre,1
1117,17 Habib,Martyre de sainte Téklé et sainte Marthe d’Esna,Habib,11,17,Martyre,1
1118,18 Habib,"Martyre de l’apôtre saint Jacques, le frère du Seigneur",Habib,11,18,Martyre,1
1119,19 Habib,"Martyre de saint Badaba, évêque de Coptos ainsi qu'abba André et abba Christodule",Habib,11,19,Martyre,1
1119,19 Habib,"Martyre de saint Pantaléon, le médecin",Habib,11,19,Martyre,1
1119,19 Habib,Commémoration des martyrs de la tuerie d’Esna,Habib,11,19,Commémoration,0
1119,19 Habib,"Décès d'abba Jean X, le 85ème patriarche d'Alexandrie",Habib,11,19,Décès,0
1120,20 Habib,Martyre de saint Théodore de Choteb,Habib,11,20,Martyre,1
1121,21 Habib,Commémoration de la sainte Vierge Marie,Habib,11,21,Commémoration,0
1121,21 Habib,"Décès de saint Sisinnios (Sosenius), l’eunuque",Habib,11,21,Décès,0
1122,22 Habib,"Martyre de saint Macaire, le fils du ministre Basile",Habib,11,22,Martyre,1
1122,22 Habib,Martyre de saint Léonce,Habib,11,22,Martyre,1
1123,23 Habib,"Martyre de saint Longin, le centurion",Habib,11,23,Martyre,1
1123,23 Habib,Martyre de sainte Marina,Habib,11,23,Martyre,1
1124,24 Habib,Martyre de saint abba Noub de Nahissa,Habib,11,24,Martyre,1
1124,24 Habib,"Décès du pape Simon 1er, le 42ème patriarche de la prédication de saint Marc",Habib,11,24,Décès,0
1125,25 Habib,Martyre de saint abba Isaac,Habib,11,25,Martyre,1
1125,25 Habib,Martyre de sainte Hilarie,Habib,11,25,Martyre,1
1125,25 Habib,Martyre de sainte Thècle et sainte Mouji,Habib,11,25,Martyre,1
1125,25 Habib,Martyre de saint Antoine de Béba,Habib,11,25,Martyre,1
1125,25 Habib,Martyre de Saint Aba Kragon,Habib,11,25,Martyre,1
1125,25 Habib,Martyre de saint Domitien le syrien,Habib,11,25,Martyre,1
1125,25 Habib,"Consécration de l’église de saint Mercure, le détenteur des deux épées",Habib,11,25,Consécration,0
1125,25 Habib,Décès de saint Plamôn,Habib,11,25,Décès,0
1126,26 Habib,"Décès de saint Joseph, le juste, le fiancé de la sainte Vierge Marie",Habib,11,26,Décès,0
1126,26 Habib,"Décès de saint Timothée, le 22ème patriarche de la prédication de saint Marc",Habib,11,26,Décès,0
1127,27 Habib,Martyre de saint Apamôn,Habib,11,27,Martyre,1
1127,27 Habib,Consécration de l'église de saint Abba Fâm,Habib,11,27,Consécration,0
1128,28 Habib,Décès de sainte Marie de Magdala,Habib,11,28,Décès,0
1129,29 Habib,Martyre de saint Warchenoufa,Habib,11,29,Martyre,1
1129,29 Habib,"Commémoration de l’Annonciation, la Nativité et la Résurrection",Habib,11,29,Commémoration,0
1129,29 Habib,Transfert des reliques de l'apôtre saint André,Habib,11,29,Transfert,0
1130,30 Habib,Martyre des saints Mercure et Ephrem,Habib,11,30,Martyre,1
121,1 Misra,Martyre de saint Apali fils de Juste,Misra,12,1,Martyre,1
121,1 Misra,Décès du pape Cyrille V le 112ème patriarche de la prédication de saint Marc,Misra,12,1,Décès,0
122,2 Misra,Décès de sainte Païssa,Misra,12,2,Décès,0
123,3 Misra,Translation à Constantinople des reliques de saint Siméon le stylite,Misra,12,3,Translation,0
123,3 Misra,"Décès du pape Prime, le 5ème patriarche de la prédication de saint Marc",Misra,12,3,Décès,0
124,4 Misra,"Décès du roi Ezéchias, le juste",Misra,12,4,Décès,0
124,4 Misra,Consécration de l’église de saint Antoine le grand,Misra,12,4,Consécration,0
125,5 Misra,Décès de saint Jean le soldat,Misra,12,5,Décès,0
126,6 Misra,"Martyre de sainte Julitte, la combattante",Misra,12,6,Martyre,1
126,6 Misra,Décès de saint Jacques Baradée,Misra,12,6,Décès,0
126,6 Misra,"Décès d’abba Wissa, le disciple de saint Chénouté, l’archimandrite",Misra,12,6,Décès,0
127,7 Misra,Annonce de la naissance de la sainte Vierge à saint Joachim,Misra,12,7,Annonce,0
127,7 Misra,"Décès de saint Timothée II, 26ème Patriarche de la prédication de saint Marc",Misra,12,7,Décès,0
127,7 Misra,"Décès de saint Pasentaos, l’ermite, sur le mont el-Tod",Misra,12,7,Décès,0
128,8 Misra,"Martyre d’Eléazar, de son épouse Salomé et de leurs enfants",Misra,12,8,Martyre,1
129,9 Misra,"Martyre de saint Ari, prêtre de Chetnouf",Misra,12,9,Martyre,1
1210,10 Misra,Martyre de saint Pikhebs,Misra,12,10,Martyre,1
1210,10 Misra,Martyre de saint Matra,Misra,12,10,Martyre,1
1211,11 Misra,Décès de saint Moïse évêque d’Oussim,Misra,12,11,Décès,0
1212,12 Misra,Commémoration de l’archange Michel,Misra,12,12,Commémoration,0
1212,12 Misra,Intronisation de l’empereur Constantin,Misra,12,12,Intronisation,0
1213,13 Misra,Transfiguration de notre Seigneur Jésus Christ sur le mont Thabor,Misra,12,13,Transfiguration,0
1214,14 Misra,Commémoration du grand miracle que Dieu a fait à l’époque du pape Théophile le 23ème patriarche,Misra,12,14,Commémoration,0
1215,15 Misra,"Décès de sainte Marina, la moniale",Misra,12,15,Décès,0
1216,16 Misra,Proclamation de l’assomption du corps de la très sainte vierge Marie,Misra,12,16,Proclamation,0
1216,16 Misra,Décès du pape Matthieu IV le 102ème patriarche de la prédication de saint Marc,Misra,12,16,Décès,0
1217,17 Misra,"Martyre de saint Jacques, le soldat",Misra,12,17,Martyre,1
1218,18 Misra,Martyre de saint Eudamon d’Hermonthis ,Misra,12,18,Martyre,1
1218,18 Misra,"Décès de saint Alexandre, le patriarche de Constantinople",Misra,12,18,Décès,0
1219,19 Misra,Rapatriement des reliques de saint Macaire à son monastère de Scété,Misra,12,19,Rapatriement,0
1220,20 Misra,Martyre des 7 jeunes à Ephèse,Misra,12,20,Martyre,1
1221,21 Misra,"Commémoration de la mère de Dieu, la sainte vierge Marie",Misra,12,21,Commémoration,0
1221,21 Misra,Décès de sainte Irène,Misra,12,21,Décès,0
1222,22 Misra,Décès du prophète Michée,Misra,12,22,Décès,0
1222,22 Misra,Décès de saint Augustin,Misra,12,22,Décès,0
1223,23 Misra,Martyre de trente mille chrétiens à Alexandrie,Misra,12,23,Martyre,1
1223,23 Misra,Martyre de saint Damien à Antioche,Misra,12,23,Martyre,1
1224,24 Misra,"Décès de saint Takla-Haymanot, l’éthiopien",Misra,12,24,Décès,0
1224,24 Misra,"Décès de saint Thomas, évêque de Mar’ach",Misra,12,24,Décès,0
1225,25 Misra,Décès de Saint Bessarion le grand,Misra,12,25,Décès,0
1225,25 Misra,"Décès du pape Macaire III, le 114ème patriarche de la prédication de saint Marc",Misra,12,25,Décès,0
1226,26 Misra,Martyre de saint Moïse et sa sœur Sara,Misra,12,26,Martyre,1
1226,26 Misra,"Martyre de saint Agapius, le soldat, et sa sœur Thécla",Misra,12,26,Martyre,1
1227,27 Misra,Martyre de saint Benjamin et de sa sœur sainte Eudoxie,Misra,12,27,Martyre,1
1227,27 Misra,Martyre de sainte Marie l'arménienne,Misra,12,27,Martyre,1
1228,28 Misra,"Commémoration des patriarches Abraham, Isaac et Jacob",Misra,12,28,Commémoration,0
1229,29 Misra,"Martyre de saint Athanase, l’évêque ainsi que ses deux disciples Gerassimôs et Theodotus",Misra,12,29,Martyre,1
1229,29 Misra,"Commémoration de l’Annonciation, la Nativité et la Résurrection",Misra,12,29,Commémoration,0
1229,29 Misra,Translation des reliques de saint Jean Colobos au désert de Scété,Misra,12,29,Translation,0
1230,30 Misra,Décès du prophète Malachie,Misra,12,30,Décès,0
131,1 Nisa,"Martyre de saint Pishaï d'Antioche, le frère de saint abba Hour",Nisa,13,1,Martyre,1
131,1 Nisa,Décès de saint Eutyque,Nisa,13,1,Décès,0
132,2 Nisa,"Décès de Saint Tite, le disciple",Nisa,13,2,Décès,0
133,3 Nisa,Commémoration de l’archange Raphaël,Nisa,13,3,Commémoration,0
133,3 Nisa,Martyre de saint Adrien et ses compagnons,Nisa,13,3,Martyre,1
133,3 Nisa,"Décès du pape Jean XIV, le 96ème patriarche de la prédication de saint Marc",Nisa,13,3,Décès,0
134,4 Nisa,"Décès d’Abba Pœmen, l’ermite",Nisa,13,4,Décès,0
135,5 Nisa,Décès du prophète Amos,Nisa,13,5,Décès,0
135,5 Nisa,Décès de saint Jacques – évêque du Caire,Nisa,13,5,Décès,0
135,5 Nisa,"Décès du pape Jean XV, le 99ème patriarche de la prédication de saint Marc",Nisa,13,5,Décès,0
135,5 Nisa,Décès de saint Barsouma el-Iryân (le nu),Nisa,13,5,Décès,0
136,6 Nisa,Action de Grâce,Nisa,13,6,Action,0
